frame,obj,type,group,depth_m,n_pts,kind,level,pct_fov,pct_box
000001,0,Truck,car,69.440,76,yaw,0.000,100.000,98.684
000001,0,Truck,car,69.440,76,yaw,0.500,100.000,75.000
000001,0,Truck,car,69.440,76,yaw,1.000,100.000,53.947
000001,0,Truck,car,69.440,76,yaw,2.000,100.000,10.526
000001,0,Truck,car,69.440,76,yaw,3.000,100.000,0.000
000001,0,Truck,car,69.440,76,pitch,0.000,100.000,98.684
000001,0,Truck,car,69.440,76,pitch,0.500,100.000,89.474
000001,0,Truck,car,69.440,76,pitch,1.000,100.000,67.105
000001,0,Truck,car,69.440,76,pitch,2.000,100.000,15.789
000001,0,Truck,car,69.440,76,pitch,3.000,100.000,0.000
000001,0,Truck,car,69.440,76,roll,0.000,100.000,98.684
000001,0,Truck,car,69.440,76,roll,0.500,100.000,98.684
000001,0,Truck,car,69.440,76,roll,1.000,100.000,98.684
000001,0,Truck,car,69.440,76,roll,2.000,100.000,98.684
000001,0,Truck,car,69.440,76,roll,3.000,100.000,98.684
000001,0,Truck,car,69.440,76,ty,0.000,100.000,98.684
000001,0,Truck,car,69.440,76,ty,0.020,100.000,98.684
000001,0,Truck,car,69.440,76,ty,0.050,100.000,97.368
000001,0,Truck,car,69.440,76,ty,0.100,100.000,96.053
000001,1,Car,car,58.490,9,yaw,0.000,100.000,100.000
000001,1,Car,car,58.490,9,yaw,0.500,100.000,100.000
000001,1,Car,car,58.490,9,yaw,1.000,100.000,33.333
000001,1,Car,car,58.490,9,yaw,2.000,100.000,0.000
000001,1,Car,car,58.490,9,yaw,3.000,100.000,0.000
000001,1,Car,car,58.490,9,pitch,0.000,100.000,100.000
000001,1,Car,car,58.490,9,pitch,0.500,100.000,44.444
000001,1,Car,car,58.490,9,pitch,1.000,100.000,0.000
000001,1,Car,car,58.490,9,pitch,2.000,100.000,0.000
000001,1,Car,car,58.490,9,pitch,3.000,100.000,0.000
000001,1,Car,car,58.490,9,roll,0.000,100.000,100.000
000001,1,Car,car,58.490,9,roll,0.500,100.000,100.000
000001,1,Car,car,58.490,9,roll,1.000,100.000,100.000
000001,1,Car,car,58.490,9,roll,2.000,100.000,100.000
000001,1,Car,car,58.490,9,roll,3.000,100.000,100.000
000001,1,Car,car,58.490,9,ty,0.000,100.000,100.000
000001,1,Car,car,58.490,9,ty,0.020,100.000,100.000
000001,1,Car,car,58.490,9,ty,0.050,100.000,100.000
000001,1,Car,car,58.490,9,ty,0.100,100.000,100.000
000004,0,Car,car,38.260,82,yaw,0.000,100.000,100.000
000004,0,Car,car,38.260,82,yaw,0.500,100.000,97.561
000004,0,Car,car,38.260,82,yaw,1.000,100.000,85.366
000004,0,Car,car,38.260,82,yaw,2.000,100.000,58.537
000004,0,Car,car,38.260,82,yaw,3.000,100.000,26.829
000004,0,Car,car,38.260,82,pitch,0.000,100.000,100.000
000004,0,Car,car,38.260,82,pitch,0.500,100.000,81.707
000004,0,Car,car,38.260,82,pitch,1.000,100.000,29.268
000004,0,Car,car,38.260,82,pitch,2.000,100.000,0.000
000004,0,Car,car,38.260,82,pitch,3.000,100.000,0.000
000004,0,Car,car,38.260,82,roll,0.000,100.000,100.000
000004,0,Car,car,38.260,82,roll,0.500,100.000,100.000
000004,0,Car,car,38.260,82,roll,1.000,100.000,100.000
000004,0,Car,car,38.260,82,roll,2.000,100.000,95.122
000004,0,Car,car,38.260,82,roll,3.000,100.000,70.732
000004,0,Car,car,38.260,82,ty,0.000,100.000,100.000
000004,0,Car,car,38.260,82,ty,0.020,100.000,100.000
000004,0,Car,car,38.260,82,ty,0.050,100.000,100.000
000004,0,Car,car,38.260,82,ty,0.100,100.000,100.000
000004,1,Car,car,51.170,26,yaw,0.000,100.000,100.000
000004,1,Car,car,51.170,26,yaw,0.500,100.000,84.615
000004,1,Car,car,51.170,26,yaw,1.000,100.000,65.385
000004,1,Car,car,51.170,26,yaw,2.000,100.000,34.615
000004,1,Car,car,51.170,26,yaw,3.000,100.000,0.000
000004,1,Car,car,51.170,26,pitch,0.000,100.000,100.000
000004,1,Car,car,51.170,26,pitch,0.500,100.000,100.000
000004,1,Car,car,51.170,26,pitch,1.000,100.000,3.846
000004,1,Car,car,51.170,26,pitch,2.000,100.000,0.000
000004,1,Car,car,51.170,26,pitch,3.000,100.000,0.000
000004,1,Car,car,51.170,26,roll,0.000,100.000,100.000
000004,1,Car,car,51.170,26,roll,0.500,100.000,100.000
000004,1,Car,car,51.170,26,roll,1.000,100.000,100.000
000004,1,Car,car,51.170,26,roll,2.000,100.000,96.154
000004,1,Car,car,51.170,26,roll,3.000,100.000,50.000
000004,1,Car,car,51.170,26,ty,0.000,100.000,100.000
000004,1,Car,car,51.170,26,ty,0.020,100.000,100.000
000004,1,Car,car,51.170,26,ty,0.050,100.000,100.000
000004,1,Car,car,51.170,26,ty,0.100,100.000,100.000
000007,0,Car,car,25.010,200,yaw,0.000,100.000,98.500
000007,0,Car,car,25.010,200,yaw,0.500,100.000,88.500
000007,0,Car,car,25.010,200,yaw,1.000,100.000,77.500
000007,0,Car,car,25.010,200,yaw,2.000,100.000,51.000
000007,0,Car,car,25.010,200,yaw,3.000,100.000,22.500
000007,0,Car,car,25.010,200,pitch,0.000,100.000,98.500
000007,0,Car,car,25.010,200,pitch,0.500,100.000,86.500
000007,0,Car,car,25.010,200,pitch,1.000,100.000,65.000
000007,0,Car,car,25.010,200,pitch,2.000,100.000,32.000
000007,0,Car,car,25.010,200,pitch,3.000,100.000,10.000
000007,0,Car,car,25.010,200,roll,0.000,100.000,98.500
000007,0,Car,car,25.010,200,roll,0.500,100.000,98.500
000007,0,Car,car,25.010,200,roll,1.000,100.000,98.500
000007,0,Car,car,25.010,200,roll,2.000,100.000,98.500
000007,0,Car,car,25.010,200,roll,3.000,100.000,98.000
000007,0,Car,car,25.010,200,ty,0.000,100.000,98.500
000007,0,Car,car,25.010,200,ty,0.020,100.000,98.500
000007,0,Car,car,25.010,200,ty,0.050,100.000,97.500
000007,0,Car,car,25.010,200,ty,0.100,100.000,95.500
000007,1,Car,car,47.550,22,yaw,0.000,100.000,100.000
000007,1,Car,car,47.550,22,yaw,0.500,100.000,72.727
000007,1,Car,car,47.550,22,yaw,1.000,100.000,54.545
000007,1,Car,car,47.550,22,yaw,2.000,100.000,4.545
000007,1,Car,car,47.550,22,yaw,3.000,100.000,0.000
000007,1,Car,car,47.550,22,pitch,0.000,100.000,100.000
000007,1,Car,car,47.550,22,pitch,0.500,100.000,31.818
000007,1,Car,car,47.550,22,pitch,1.000,100.000,0.000
000007,1,Car,car,47.550,22,pitch,2.000,100.000,0.000
000007,1,Car,car,47.550,22,pitch,3.000,100.000,0.000
000007,1,Car,car,47.550,22,roll,0.000,100.000,100.000
000007,1,Car,car,47.550,22,roll,0.500,100.000,100.000
000007,1,Car,car,47.550,22,roll,1.000,100.000,100.000
000007,1,Car,car,47.550,22,roll,2.000,100.000,100.000
000007,1,Car,car,47.550,22,roll,3.000,100.000,100.000
000007,1,Car,car,47.550,22,ty,0.000,100.000,100.000
000007,1,Car,car,47.550,22,ty,0.020,100.000,100.000
000007,1,Car,car,47.550,22,ty,0.050,100.000,95.455
000007,1,Car,car,47.550,22,ty,0.100,100.000,95.455
000007,2,Car,car,60.520,5,yaw,0.000,100.000,100.000
000007,2,Car,car,60.520,5,yaw,0.500,100.000,60.000
000007,2,Car,car,60.520,5,yaw,1.000,100.000,20.000
000007,2,Car,car,60.520,5,yaw,2.000,100.000,0.000
000007,2,Car,car,60.520,5,yaw,3.000,100.000,0.000
000007,2,Car,car,60.520,5,pitch,0.000,100.000,100.000
000007,2,Car,car,60.520,5,pitch,0.500,100.000,0.000
000007,2,Car,car,60.520,5,pitch,1.000,100.000,0.000
000007,2,Car,car,60.520,5,pitch,2.000,100.000,0.000
000007,2,Car,car,60.520,5,pitch,3.000,100.000,0.000
000007,2,Car,car,60.520,5,roll,0.000,100.000,100.000
000007,2,Car,car,60.520,5,roll,0.500,100.000,100.000
000007,2,Car,car,60.520,5,roll,1.000,100.000,100.000
000007,2,Car,car,60.520,5,roll,2.000,100.000,100.000
000007,2,Car,car,60.520,5,roll,3.000,100.000,100.000
000007,2,Car,car,60.520,5,ty,0.000,100.000,100.000
000007,2,Car,car,60.520,5,ty,0.020,100.000,100.000
000007,2,Car,car,60.520,5,ty,0.050,100.000,100.000
000007,2,Car,car,60.520,5,ty,0.100,100.000,100.000
000007,3,Cyclist,vru,34.090,26,yaw,0.000,100.000,100.000
000007,3,Cyclist,vru,34.090,26,yaw,0.500,100.000,96.154
000007,3,Cyclist,vru,34.090,26,yaw,1.000,100.000,46.154
000007,3,Cyclist,vru,34.090,26,yaw,2.000,100.000,0.000
000007,3,Cyclist,vru,34.090,26,yaw,3.000,100.000,0.000
000007,3,Cyclist,vru,34.090,26,pitch,0.000,100.000,100.000
000007,3,Cyclist,vru,34.090,26,pitch,0.500,100.000,92.308
000007,3,Cyclist,vru,34.090,26,pitch,1.000,100.000,69.231
000007,3,Cyclist,vru,34.090,26,pitch,2.000,100.000,23.077
000007,3,Cyclist,vru,34.090,26,pitch,3.000,100.000,0.000
000007,3,Cyclist,vru,34.090,26,roll,0.000,100.000,100.000
000007,3,Cyclist,vru,34.090,26,roll,0.500,100.000,100.000
000007,3,Cyclist,vru,34.090,26,roll,1.000,100.000,96.154
000007,3,Cyclist,vru,34.090,26,roll,2.000,100.000,80.769
000007,3,Cyclist,vru,34.090,26,roll,3.000,100.000,65.385
000007,3,Cyclist,vru,34.090,26,ty,0.000,100.000,100.000
000007,3,Cyclist,vru,34.090,26,ty,0.020,100.000,100.000
000007,3,Cyclist,vru,34.090,26,ty,0.050,100.000,100.000
000007,3,Cyclist,vru,34.090,26,ty,0.100,100.000,100.000
000008,0,Car,car,7.860,2091,yaw,0.000,100.000,99.617
000008,0,Car,car,7.860,2091,yaw,0.500,100.000,99.665
000008,0,Car,car,7.860,2091,yaw,1.000,100.000,99.665
000008,0,Car,car,7.860,2091,yaw,2.000,99.952,98.948
000008,0,Car,car,7.860,2091,yaw,3.000,99.713,96.987
000008,0,Car,car,7.860,2091,pitch,0.000,100.000,99.617
000008,0,Car,car,7.860,2091,pitch,0.500,98.900,97.896
000008,0,Car,car,7.860,2091,pitch,1.000,96.748,95.600
000008,0,Car,car,7.860,2091,pitch,2.000,91.057,89.909
000008,0,Car,car,7.860,2091,pitch,3.000,83.883,82.688
000008,0,Car,car,7.860,2091,roll,0.000,100.000,99.617
000008,0,Car,car,7.860,2091,roll,0.500,100.000,99.857
000008,0,Car,car,7.860,2091,roll,1.000,100.000,99.522
000008,0,Car,car,7.860,2091,roll,2.000,100.000,98.565
000008,0,Car,car,7.860,2091,roll,3.000,100.000,97.800
000008,0,Car,car,7.860,2091,ty,0.000,100.000,99.617
000008,0,Car,car,7.860,2091,ty,0.020,100.000,99.665
000008,0,Car,car,7.860,2091,ty,0.050,100.000,99.665
000008,0,Car,car,7.860,2091,ty,0.100,100.000,99.665
000008,1,Car,car,14.440,828,yaw,0.000,100.000,96.135
000008,1,Car,car,14.440,828,yaw,0.500,100.000,96.256
000008,1,Car,car,14.440,828,yaw,1.000,100.000,94.565
000008,1,Car,car,14.440,828,yaw,2.000,100.000,84.420
000008,1,Car,car,14.440,828,yaw,3.000,100.000,72.101
000008,1,Car,car,14.440,828,pitch,0.000,100.000,96.135
000008,1,Car,car,14.440,828,pitch,0.500,100.000,85.266
000008,1,Car,car,14.440,828,pitch,1.000,100.000,76.449
000008,1,Car,car,14.440,828,pitch,2.000,100.000,61.715
000008,1,Car,car,14.440,828,pitch,3.000,100.000,43.841
000008,1,Car,car,14.440,828,roll,0.000,100.000,96.135
000008,1,Car,car,14.440,828,roll,0.500,100.000,96.256
000008,1,Car,car,14.440,828,roll,1.000,100.000,95.531
000008,1,Car,car,14.440,828,roll,2.000,100.000,93.357
000008,1,Car,car,14.440,828,roll,3.000,100.000,92.271
000008,1,Car,car,14.440,828,ty,0.000,100.000,96.135
000008,1,Car,car,14.440,828,ty,0.020,100.000,96.256
000008,1,Car,car,14.440,828,ty,0.050,100.000,96.256
000008,1,Car,car,14.440,828,ty,0.100,100.000,96.256
000008,2,Car,car,33.200,73,yaw,0.000,100.000,86.301
000008,2,Car,car,33.200,73,yaw,0.500,100.000,78.082
000008,2,Car,car,33.200,73,yaw,1.000,100.000,65.753
000008,2,Car,car,33.200,73,yaw,2.000,100.000,34.247
000008,2,Car,car,33.200,73,yaw,3.000,100.000,10.959
000008,2,Car,car,33.200,73,pitch,0.000,100.000,86.301
000008,2,Car,car,33.200,73,pitch,0.500,100.000,56.164
000008,2,Car,car,33.200,73,pitch,1.000,100.000,32.877
000008,2,Car,car,33.200,73,pitch,2.000,100.000,2.740
000008,2,Car,car,33.200,73,pitch,3.000,100.000,0.000
000008,2,Car,car,33.200,73,roll,0.000,100.000,86.301
000008,2,Car,car,33.200,73,roll,0.500,100.000,86.301
000008,2,Car,car,33.200,73,roll,1.000,100.000,68.493
000008,2,Car,car,33.200,73,roll,2.000,100.000,56.164
000008,2,Car,car,33.200,73,roll,3.000,100.000,49.315
000008,2,Car,car,33.200,73,ty,0.000,100.000,86.301
000008,2,Car,car,33.200,73,ty,0.020,100.000,86.301
000008,2,Car,car,33.200,73,ty,0.050,100.000,86.301
000008,2,Car,car,33.200,73,ty,0.100,100.000,84.932
000008,3,Car,car,19.960,255,yaw,0.000,100.000,96.471
000008,3,Car,car,19.960,255,yaw,0.500,100.000,94.902
000008,3,Car,car,19.960,255,yaw,1.000,100.000,85.490
000008,3,Car,car,19.960,255,yaw,2.000,100.000,61.961
000008,3,Car,car,19.960,255,yaw,3.000,100.000,36.471
000008,3,Car,car,19.960,255,pitch,0.000,100.000,96.471
000008,3,Car,car,19.960,255,pitch,0.500,100.000,78.431
000008,3,Car,car,19.960,255,pitch,1.000,100.000,69.020
000008,3,Car,car,19.960,255,pitch,2.000,100.000,40.784
000008,3,Car,car,19.960,255,pitch,3.000,100.000,14.902
000008,3,Car,car,19.960,255,roll,0.000,100.000,96.471
000008,3,Car,car,19.960,255,roll,0.500,100.000,88.627
000008,3,Car,car,19.960,255,roll,1.000,100.000,80.392
000008,3,Car,car,19.960,255,roll,2.000,100.000,70.588
000008,3,Car,car,19.960,255,roll,3.000,100.000,61.176
000008,3,Car,car,19.960,255,ty,0.000,100.000,96.471
000008,3,Car,car,19.960,255,ty,0.020,100.000,96.078
000008,3,Car,car,19.960,255,ty,0.050,100.000,96.078
000008,3,Car,car,19.960,255,ty,0.100,100.000,95.294
000009,0,Car,car,23.880,223,yaw,0.000,100.000,99.103
000009,0,Car,car,23.880,223,yaw,0.500,100.000,92.377
000009,0,Car,car,23.880,223,yaw,1.000,100.000,82.063
000009,0,Car,car,23.880,223,yaw,2.000,100.000,54.709
000009,0,Car,car,23.880,223,yaw,3.000,100.000,30.493
000009,0,Car,car,23.880,223,pitch,0.000,100.000,99.103
000009,0,Car,car,23.880,223,pitch,0.500,100.000,87.892
000009,0,Car,car,23.880,223,pitch,1.000,100.000,73.991
000009,0,Car,car,23.880,223,pitch,2.000,100.000,41.256
000009,0,Car,car,23.880,223,pitch,3.000,100.000,12.108
000009,0,Car,car,23.880,223,roll,0.000,100.000,99.103
000009,0,Car,car,23.880,223,roll,0.500,100.000,99.552
000009,0,Car,car,23.880,223,roll,1.000,100.000,100.000
000009,0,Car,car,23.880,223,roll,2.000,100.000,100.000
000009,0,Car,car,23.880,223,roll,3.000,100.000,100.000
000009,0,Car,car,23.880,223,ty,0.000,100.000,99.103
000009,0,Car,car,23.880,223,ty,0.020,100.000,99.552
000009,0,Car,car,23.880,223,ty,0.050,100.000,100.000
000009,0,Car,car,23.880,223,ty,0.100,100.000,99.103
000010,0,Car,car,11.800,1178,yaw,0.000,100.000,96.604
000010,0,Car,car,11.800,1178,yaw,0.500,100.000,96.774
000010,0,Car,car,11.800,1178,yaw,1.000,100.000,96.774
000010,0,Car,car,11.800,1178,yaw,2.000,100.000,93.803
000010,0,Car,car,11.800,1178,yaw,3.000,100.000,88.115
000010,0,Car,car,11.800,1178,pitch,0.000,100.000,96.604
000010,0,Car,car,11.800,1178,pitch,0.500,100.000,92.869
000010,0,Car,car,11.800,1178,pitch,1.000,100.000,90.917
000010,0,Car,car,11.800,1178,pitch,2.000,100.000,73.854
000010,0,Car,car,11.800,1178,pitch,3.000,100.000,55.178
000010,0,Car,car,11.800,1178,roll,0.000,100.000,96.604
000010,0,Car,car,11.800,1178,roll,0.500,100.000,97.878
000010,0,Car,car,11.800,1178,roll,1.000,100.000,99.660
000010,0,Car,car,11.800,1178,roll,2.000,100.000,98.981
000010,0,Car,car,11.800,1178,roll,3.000,100.000,98.981
000010,0,Car,car,11.800,1178,ty,0.000,100.000,96.604
000010,0,Car,car,11.800,1178,ty,0.020,100.000,96.604
000010,0,Car,car,11.800,1178,ty,0.050,100.000,96.689
000010,0,Car,car,11.800,1178,ty,0.100,100.000,96.774
000010,1,Car,car,16.500,413,yaw,0.000,100.000,95.400
000010,1,Car,car,16.500,413,yaw,0.500,100.000,94.915
000010,1,Car,car,16.500,413,yaw,1.000,100.000,91.283
000010,1,Car,car,16.500,413,yaw,2.000,100.000,83.051
000010,1,Car,car,16.500,413,yaw,3.000,100.000,66.828
000010,1,Car,car,16.500,413,pitch,0.000,100.000,95.400
000010,1,Car,car,16.500,413,pitch,0.500,100.000,82.082
000010,1,Car,car,16.500,413,pitch,1.000,100.000,72.639
000010,1,Car,car,16.500,413,pitch,2.000,100.000,49.637
000010,1,Car,car,16.500,413,pitch,3.000,100.000,33.898
000010,1,Car,car,16.500,413,roll,0.000,100.000,95.400
000010,1,Car,car,16.500,413,roll,0.500,100.000,91.283
000010,1,Car,car,16.500,413,roll,1.000,100.000,86.925
000010,1,Car,car,16.500,413,roll,2.000,100.000,79.419
000010,1,Car,car,16.500,413,roll,3.000,100.000,72.639
000010,1,Car,car,16.500,413,ty,0.000,100.000,95.400
000010,1,Car,car,16.500,413,ty,0.020,100.000,95.400
000010,1,Car,car,16.500,413,ty,0.050,100.000,95.400
000010,1,Car,car,16.500,413,ty,0.100,100.000,94.915
000010,2,Car,car,23.640,264,yaw,0.000,100.000,99.621
000010,2,Car,car,23.640,264,yaw,0.500,100.000,100.000
000010,2,Car,car,23.640,264,yaw,1.000,100.000,94.318
000010,2,Car,car,23.640,264,yaw,2.000,100.000,75.000
000010,2,Car,car,23.640,264,yaw,3.000,100.000,51.894
000010,2,Car,car,23.640,264,pitch,0.000,100.000,99.621
000010,2,Car,car,23.640,264,pitch,0.500,100.000,81.061
000010,2,Car,car,23.640,264,pitch,1.000,100.000,68.561
000010,2,Car,car,23.640,264,pitch,2.000,100.000,37.121
000010,2,Car,car,23.640,264,pitch,3.000,100.000,10.227
000010,2,Car,car,23.640,264,roll,0.000,100.000,99.621
000010,2,Car,car,23.640,264,roll,0.500,100.000,99.621
000010,2,Car,car,23.640,264,roll,1.000,100.000,99.621
000010,2,Car,car,23.640,264,roll,2.000,100.000,99.621
000010,2,Car,car,23.640,264,roll,3.000,100.000,100.000
000010,2,Car,car,23.640,264,ty,0.000,100.000,99.621
000010,2,Car,car,23.640,264,ty,0.020,100.000,99.621
000010,2,Car,car,23.640,264,ty,0.050,100.000,99.621
000010,2,Car,car,23.640,264,ty,0.100,100.000,100.000
000010,3,Car,car,28.530,36,yaw,0.000,100.000,100.000
000010,3,Car,car,28.530,36,yaw,0.500,100.000,77.778
000010,3,Car,car,28.530,36,yaw,1.000,100.000,52.778
000010,3,Car,car,28.530,36,yaw,2.000,100.000,11.111
000010,3,Car,car,28.530,36,yaw,3.000,100.000,0.000
000010,3,Car,car,28.530,36,pitch,0.000,100.000,100.000
000010,3,Car,car,28.530,36,pitch,0.500,100.000,58.333
000010,3,Car,car,28.530,36,pitch,1.000,100.000,38.889
000010,3,Car,car,28.530,36,pitch,2.000,100.000,13.889
000010,3,Car,car,28.530,36,pitch,3.000,100.000,13.889
000010,3,Car,car,28.530,36,roll,0.000,100.000,100.000
000010,3,Car,car,28.530,36,roll,0.500,100.000,100.000
000010,3,Car,car,28.530,36,roll,1.000,100.000,77.778
000010,3,Car,car,28.530,36,roll,2.000,100.000,55.556
000010,3,Car,car,28.530,36,roll,3.000,100.000,52.778
000010,3,Car,car,28.530,36,ty,0.000,100.000,100.000
000010,3,Car,car,28.530,36,ty,0.020,100.000,100.000
000010,3,Car,car,28.530,36,ty,0.050,100.000,97.222
000010,3,Car,car,28.530,36,ty,0.100,100.000,97.222
000010,4,Car,car,42.850,23,yaw,0.000,100.000,100.000
000010,4,Car,car,42.850,23,yaw,0.500,100.000,100.000
000010,4,Car,car,42.850,23,yaw,1.000,100.000,86.957
000010,4,Car,car,42.850,23,yaw,2.000,100.000,34.783
000010,4,Car,car,42.850,23,yaw,3.000,100.000,8.696
000010,4,Car,car,42.850,23,pitch,0.000,100.000,100.000
000010,4,Car,car,42.850,23,pitch,0.500,100.000,56.522
000010,4,Car,car,42.850,23,pitch,1.000,100.000,30.435
000010,4,Car,car,42.850,23,pitch,2.000,100.000,0.000
000010,4,Car,car,42.850,23,pitch,3.000,100.000,0.000
000010,4,Car,car,42.850,23,roll,0.000,100.000,100.000
000010,4,Car,car,42.850,23,roll,0.500,100.000,100.000
000010,4,Car,car,42.850,23,roll,1.000,100.000,73.913
000010,4,Car,car,42.850,23,roll,2.000,100.000,73.913
000010,4,Car,car,42.850,23,roll,3.000,100.000,73.913
000010,4,Car,car,42.850,23,ty,0.000,100.000,100.000
000010,4,Car,car,42.850,23,ty,0.020,100.000,100.000
000010,4,Car,car,42.850,23,ty,0.050,100.000,100.000
000010,4,Car,car,42.850,23,ty,0.100,100.000,100.000
000011,0,Pedestrian,vru,12.420,180,yaw,0.000,100.000,97.222
000011,0,Pedestrian,vru,12.420,180,yaw,0.500,100.000,90.556
000011,0,Pedestrian,vru,12.420,180,yaw,1.000,100.000,76.667
000011,0,Pedestrian,vru,12.420,180,yaw,2.000,100.000,28.889
000011,0,Pedestrian,vru,12.420,180,yaw,3.000,100.000,6.667
000011,0,Pedestrian,vru,12.420,180,pitch,0.000,100.000,97.222
000011,0,Pedestrian,vru,12.420,180,pitch,0.500,100.000,85.556
000011,0,Pedestrian,vru,12.420,180,pitch,1.000,100.000,82.222
000011,0,Pedestrian,vru,12.420,180,pitch,2.000,100.000,68.333
000011,0,Pedestrian,vru,12.420,180,pitch,3.000,100.000,60.000
000011,0,Pedestrian,vru,12.420,180,roll,0.000,100.000,97.222
000011,0,Pedestrian,vru,12.420,180,roll,0.500,100.000,96.111
000011,0,Pedestrian,vru,12.420,180,roll,1.000,100.000,85.556
000011,0,Pedestrian,vru,12.420,180,roll,2.000,100.000,81.667
000011,0,Pedestrian,vru,12.420,180,roll,3.000,100.000,77.778
000011,0,Pedestrian,vru,12.420,180,ty,0.000,100.000,97.222
000011,0,Pedestrian,vru,12.420,180,ty,0.020,100.000,97.778
000011,0,Pedestrian,vru,12.420,180,ty,0.050,100.000,96.667
000011,0,Pedestrian,vru,12.420,180,ty,0.100,100.000,93.889
000011,1,Car,car,26.640,217,yaw,0.000,100.000,99.539
000011,1,Car,car,26.640,217,yaw,0.500,100.000,94.009
000011,1,Car,car,26.640,217,yaw,1.000,100.000,83.871
000011,1,Car,car,26.640,217,yaw,2.000,100.000,60.369
000011,1,Car,car,26.640,217,yaw,3.000,100.000,36.866
000011,1,Car,car,26.640,217,pitch,0.000,100.000,99.539
000011,1,Car,car,26.640,217,pitch,0.500,100.000,77.880
000011,1,Car,car,26.640,217,pitch,1.000,100.000,68.664
000011,1,Car,car,26.640,217,pitch,2.000,100.000,36.406
000011,1,Car,car,26.640,217,pitch,3.000,100.000,20.737
000011,1,Car,car,26.640,217,roll,0.000,100.000,99.539
000011,1,Car,car,26.640,217,roll,0.500,100.000,99.539
000011,1,Car,car,26.640,217,roll,1.000,100.000,99.539
000011,1,Car,car,26.640,217,roll,2.000,100.000,93.548
000011,1,Car,car,26.640,217,roll,3.000,100.000,91.244
000011,1,Car,car,26.640,217,ty,0.000,100.000,99.539
000011,1,Car,car,26.640,217,ty,0.020,100.000,99.539
000011,1,Car,car,26.640,217,ty,0.050,100.000,99.539
000011,1,Car,car,26.640,217,ty,0.100,100.000,98.618
000011,2,Pedestrian,vru,34.080,40,yaw,0.000,100.000,100.000
000011,2,Pedestrian,vru,34.080,40,yaw,0.500,100.000,52.500
000011,2,Pedestrian,vru,34.080,40,yaw,1.000,100.000,7.500
000011,2,Pedestrian,vru,34.080,40,yaw,2.000,100.000,0.000
000011,2,Pedestrian,vru,34.080,40,yaw,3.000,100.000,0.000
000011,2,Pedestrian,vru,34.080,40,pitch,0.000,100.000,100.000
000011,2,Pedestrian,vru,34.080,40,pitch,0.500,100.000,90.000
000011,2,Pedestrian,vru,34.080,40,pitch,1.000,100.000,80.000
000011,2,Pedestrian,vru,34.080,40,pitch,2.000,100.000,37.500
000011,2,Pedestrian,vru,34.080,40,pitch,3.000,100.000,0.000
000011,2,Pedestrian,vru,34.080,40,roll,0.000,100.000,100.000
000011,2,Pedestrian,vru,34.080,40,roll,0.500,100.000,100.000
000011,2,Pedestrian,vru,34.080,40,roll,1.000,100.000,100.000
000011,2,Pedestrian,vru,34.080,40,roll,2.000,100.000,100.000
000011,2,Pedestrian,vru,34.080,40,roll,3.000,100.000,100.000
000011,2,Pedestrian,vru,34.080,40,ty,0.000,100.000,100.000
000011,2,Pedestrian,vru,34.080,40,ty,0.020,100.000,95.000
000011,2,Pedestrian,vru,34.080,40,ty,0.050,100.000,95.000
000011,2,Pedestrian,vru,34.080,40,ty,0.100,100.000,87.500
000011,3,Pedestrian,vru,15.950,93,yaw,0.000,100.000,93.548
000011,3,Pedestrian,vru,15.950,93,yaw,0.500,100.000,78.495
000011,3,Pedestrian,vru,15.950,93,yaw,1.000,100.000,38.710
000011,3,Pedestrian,vru,15.950,93,yaw,2.000,100.000,2.151
000011,3,Pedestrian,vru,15.950,93,yaw,3.000,100.000,0.000
000011,3,Pedestrian,vru,15.950,93,pitch,0.000,100.000,93.548
000011,3,Pedestrian,vru,15.950,93,pitch,0.500,100.000,83.871
000011,3,Pedestrian,vru,15.950,93,pitch,1.000,100.000,81.720
000011,3,Pedestrian,vru,15.950,93,pitch,2.000,100.000,60.215
000011,3,Pedestrian,vru,15.950,93,pitch,3.000,100.000,43.011
000011,3,Pedestrian,vru,15.950,93,roll,0.000,100.000,93.548
000011,3,Pedestrian,vru,15.950,93,roll,0.500,100.000,92.473
000011,3,Pedestrian,vru,15.950,93,roll,1.000,100.000,91.398
000011,3,Pedestrian,vru,15.950,93,roll,2.000,100.000,86.022
000011,3,Pedestrian,vru,15.950,93,roll,3.000,100.000,75.269
000011,3,Pedestrian,vru,15.950,93,ty,0.000,100.000,93.548
000011,3,Pedestrian,vru,15.950,93,ty,0.020,100.000,93.548
000011,3,Pedestrian,vru,15.950,93,ty,0.050,100.000,92.473
000011,3,Pedestrian,vru,15.950,93,ty,0.100,100.000,90.323
000012,0,Car,car,58.840,16,yaw,0.000,100.000,100.000
000012,0,Car,car,58.840,16,yaw,0.500,100.000,100.000
000012,0,Car,car,58.840,16,yaw,1.000,100.000,75.000
000012,0,Car,car,58.840,16,yaw,2.000,100.000,6.250
000012,0,Car,car,58.840,16,yaw,3.000,100.000,0.000
000012,0,Car,car,58.840,16,pitch,0.000,100.000,100.000
000012,0,Car,car,58.840,16,pitch,0.500,100.000,56.250
000012,0,Car,car,58.840,16,pitch,1.000,100.000,6.250
000012,0,Car,car,58.840,16,pitch,2.000,100.000,0.000
000012,0,Car,car,58.840,16,pitch,3.000,100.000,0.000
000012,0,Car,car,58.840,16,roll,0.000,100.000,100.000
000012,0,Car,car,58.840,16,roll,0.500,100.000,100.000
000012,0,Car,car,58.840,16,roll,1.000,100.000,100.000
000012,0,Car,car,58.840,16,roll,2.000,100.000,100.000
000012,0,Car,car,58.840,16,roll,3.000,100.000,100.000
000012,0,Car,car,58.840,16,ty,0.000,100.000,100.000
000012,0,Car,car,58.840,16,ty,0.020,100.000,100.000
000012,0,Car,car,58.840,16,ty,0.050,100.000,100.000
000012,0,Car,car,58.840,16,ty,0.100,100.000,100.000
000012,1,Van,car,65.020,39,yaw,0.000,100.000,100.000
000012,1,Van,car,65.020,39,yaw,0.500,100.000,89.744
000012,1,Van,car,65.020,39,yaw,1.000,100.000,58.974
000012,1,Van,car,65.020,39,yaw,2.000,100.000,10.256
000012,1,Van,car,65.020,39,yaw,3.000,100.000,0.000
000012,1,Van,car,65.020,39,pitch,0.000,100.000,100.000
000012,1,Van,car,65.020,39,pitch,0.500,100.000,100.000
000012,1,Van,car,65.020,39,pitch,1.000,100.000,46.154
000012,1,Van,car,65.020,39,pitch,2.000,100.000,28.205
000012,1,Van,car,65.020,39,pitch,3.000,100.000,0.000
000012,1,Van,car,65.020,39,roll,0.000,100.000,100.000
000012,1,Van,car,65.020,39,roll,0.500,100.000,100.000
000012,1,Van,car,65.020,39,roll,1.000,100.000,100.000
000012,1,Van,car,65.020,39,roll,2.000,100.000,71.795
000012,1,Van,car,65.020,39,roll,3.000,100.000,71.795
000012,1,Van,car,65.020,39,ty,0.000,100.000,100.000
000012,1,Van,car,65.020,39,ty,0.020,100.000,100.000
000012,1,Van,car,65.020,39,ty,0.050,100.000,100.000
000012,1,Van,car,65.020,39,ty,0.100,100.000,100.000
000015,0,Pedestrian,vru,7.590,452,yaw,0.000,100.000,89.159
000015,0,Pedestrian,vru,7.590,452,yaw,0.500,100.000,80.752
000015,0,Pedestrian,vru,7.590,452,yaw,1.000,100.000,67.699
000015,0,Pedestrian,vru,7.590,452,yaw,2.000,100.000,35.619
000015,0,Pedestrian,vru,7.590,452,yaw,3.000,100.000,10.619
000015,0,Pedestrian,vru,7.590,452,pitch,0.000,100.000,89.159
000015,0,Pedestrian,vru,7.590,452,pitch,0.500,100.000,85.177
000015,0,Pedestrian,vru,7.590,452,pitch,1.000,100.000,80.088
000015,0,Pedestrian,vru,7.590,452,pitch,2.000,100.000,74.115
000015,0,Pedestrian,vru,7.590,452,pitch,3.000,100.000,69.912
000015,0,Pedestrian,vru,7.590,452,roll,0.000,100.000,89.159
000015,0,Pedestrian,vru,7.590,452,roll,0.500,100.000,87.389
000015,0,Pedestrian,vru,7.590,452,roll,1.000,100.000,83.407
000015,0,Pedestrian,vru,7.590,452,roll,2.000,100.000,77.212
000015,0,Pedestrian,vru,7.590,452,roll,3.000,100.000,73.230
000015,0,Pedestrian,vru,7.590,452,ty,0.000,100.000,89.159
000015,0,Pedestrian,vru,7.590,452,ty,0.020,100.000,88.496
000015,0,Pedestrian,vru,7.590,452,ty,0.050,100.000,85.841
000015,0,Pedestrian,vru,7.590,452,ty,0.100,100.000,78.761
000015,1,Pedestrian,vru,24.140,76,yaw,0.000,100.000,71.053
000015,1,Pedestrian,vru,24.140,76,yaw,0.500,100.000,30.263
000015,1,Pedestrian,vru,24.140,76,yaw,1.000,100.000,5.263
000015,1,Pedestrian,vru,24.140,76,yaw,2.000,100.000,0.000
000015,1,Pedestrian,vru,24.140,76,yaw,3.000,100.000,0.000
000015,1,Pedestrian,vru,24.140,76,pitch,0.000,100.000,71.053
000015,1,Pedestrian,vru,24.140,76,pitch,0.500,100.000,65.789
000015,1,Pedestrian,vru,24.140,76,pitch,1.000,100.000,55.263
000015,1,Pedestrian,vru,24.140,76,pitch,2.000,100.000,39.474
000015,1,Pedestrian,vru,24.140,76,pitch,3.000,100.000,15.789
000015,1,Pedestrian,vru,24.140,76,roll,0.000,100.000,71.053
000015,1,Pedestrian,vru,24.140,76,roll,0.500,100.000,72.368
000015,1,Pedestrian,vru,24.140,76,roll,1.000,100.000,72.368
000015,1,Pedestrian,vru,24.140,76,roll,2.000,100.000,69.737
000015,1,Pedestrian,vru,24.140,76,roll,3.000,100.000,60.526
000015,1,Pedestrian,vru,24.140,76,ty,0.000,100.000,71.053
000015,1,Pedestrian,vru,24.140,76,ty,0.020,100.000,71.053
000015,1,Pedestrian,vru,24.140,76,ty,0.050,100.000,65.789
000015,1,Pedestrian,vru,24.140,76,ty,0.100,100.000,56.579
000015,2,Pedestrian,vru,24.220,83,yaw,0.000,100.000,71.084
000015,2,Pedestrian,vru,24.220,83,yaw,0.500,100.000,37.349
000015,2,Pedestrian,vru,24.220,83,yaw,1.000,100.000,7.229
000015,2,Pedestrian,vru,24.220,83,yaw,2.000,100.000,0.000
000015,2,Pedestrian,vru,24.220,83,yaw,3.000,100.000,0.000
000015,2,Pedestrian,vru,24.220,83,pitch,0.000,100.000,71.084
000015,2,Pedestrian,vru,24.220,83,pitch,0.500,100.000,69.880
000015,2,Pedestrian,vru,24.220,83,pitch,1.000,100.000,57.831
000015,2,Pedestrian,vru,24.220,83,pitch,2.000,100.000,37.349
000015,2,Pedestrian,vru,24.220,83,pitch,3.000,100.000,16.867
000015,2,Pedestrian,vru,24.220,83,roll,0.000,100.000,71.084
000015,2,Pedestrian,vru,24.220,83,roll,0.500,100.000,71.084
000015,2,Pedestrian,vru,24.220,83,roll,1.000,100.000,71.084
000015,2,Pedestrian,vru,24.220,83,roll,2.000,100.000,67.470
000015,2,Pedestrian,vru,24.220,83,roll,3.000,100.000,66.265
000015,2,Pedestrian,vru,24.220,83,ty,0.000,100.000,71.084
000015,2,Pedestrian,vru,24.220,83,ty,0.020,100.000,69.880
000015,2,Pedestrian,vru,24.220,83,ty,0.050,100.000,65.060
000015,2,Pedestrian,vru,24.220,83,ty,0.100,100.000,57.831
000015,3,Pedestrian,vru,23.300,83,yaw,0.000,100.000,79.518
000015,3,Pedestrian,vru,23.300,83,yaw,0.500,100.000,60.241
000015,3,Pedestrian,vru,23.300,83,yaw,1.000,100.000,20.482
000015,3,Pedestrian,vru,23.300,83,yaw,2.000,100.000,0.000
000015,3,Pedestrian,vru,23.300,83,yaw,3.000,100.000,0.000
000015,3,Pedestrian,vru,23.300,83,pitch,0.000,100.000,79.518
000015,3,Pedestrian,vru,23.300,83,pitch,0.500,100.000,75.904
000015,3,Pedestrian,vru,23.300,83,pitch,1.000,100.000,67.470
000015,3,Pedestrian,vru,23.300,83,pitch,2.000,100.000,44.578
000015,3,Pedestrian,vru,23.300,83,pitch,3.000,100.000,14.458
000015,3,Pedestrian,vru,23.300,83,roll,0.000,100.000,79.518
000015,3,Pedestrian,vru,23.300,83,roll,0.500,100.000,79.518
000015,3,Pedestrian,vru,23.300,83,roll,1.000,100.000,79.518
000015,3,Pedestrian,vru,23.300,83,roll,2.000,100.000,92.771
000015,3,Pedestrian,vru,23.300,83,roll,3.000,100.000,91.566
000015,3,Pedestrian,vru,23.300,83,ty,0.000,100.000,79.518
000015,3,Pedestrian,vru,23.300,83,ty,0.020,100.000,79.518
000015,3,Pedestrian,vru,23.300,83,ty,0.050,100.000,75.904
000015,3,Pedestrian,vru,23.300,83,ty,0.100,100.000,73.494
000016,0,Car,car,33.130,93,yaw,0.000,100.000,80.645
000016,0,Car,car,33.130,93,yaw,0.500,100.000,75.269
000016,0,Car,car,33.130,93,yaw,1.000,100.000,63.441
000016,0,Car,car,33.130,93,yaw,2.000,100.000,35.484
000016,0,Car,car,33.130,93,yaw,3.000,100.000,6.452
000016,0,Car,car,33.130,93,pitch,0.000,100.000,80.645
000016,0,Car,car,33.130,93,pitch,0.500,100.000,62.366
000016,0,Car,car,33.130,93,pitch,1.000,100.000,52.688
000016,0,Car,car,33.130,93,pitch,2.000,100.000,4.301
000016,0,Car,car,33.130,93,pitch,3.000,100.000,0.000
000016,0,Car,car,33.130,93,roll,0.000,100.000,80.645
000016,0,Car,car,33.130,93,roll,0.500,100.000,80.645
000016,0,Car,car,33.130,93,roll,1.000,100.000,80.645
000016,0,Car,car,33.130,93,roll,2.000,100.000,69.892
000016,0,Car,car,33.130,93,roll,3.000,100.000,62.366
000016,0,Car,car,33.130,93,ty,0.000,100.000,80.645
000016,0,Car,car,33.130,93,ty,0.020,100.000,80.645
000016,0,Car,car,33.130,93,ty,0.050,100.000,80.645
000016,0,Car,car,33.130,93,ty,0.100,100.000,80.645
000016,1,Car,car,46.740,17,yaw,0.000,100.000,100.000
000016,1,Car,car,46.740,17,yaw,0.500,100.000,76.471
000016,1,Car,car,46.740,17,yaw,1.000,100.000,47.059
000016,1,Car,car,46.740,17,yaw,2.000,100.000,5.882
000016,1,Car,car,46.740,17,yaw,3.000,100.000,0.000
000016,1,Car,car,46.740,17,pitch,0.000,100.000,100.000
000016,1,Car,car,46.740,17,pitch,0.500,100.000,52.941
000016,1,Car,car,46.740,17,pitch,1.000,100.000,0.000
000016,1,Car,car,46.740,17,pitch,2.000,100.000,0.000
000016,1,Car,car,46.740,17,pitch,3.000,100.000,0.000
000016,1,Car,car,46.740,17,roll,0.000,100.000,100.000
000016,1,Car,car,46.740,17,roll,0.500,100.000,100.000
000016,1,Car,car,46.740,17,roll,1.000,100.000,100.000
000016,1,Car,car,46.740,17,roll,2.000,100.000,100.000
000016,1,Car,car,46.740,17,roll,3.000,100.000,100.000
000016,1,Car,car,46.740,17,ty,0.000,100.000,100.000
000016,1,Car,car,46.740,17,ty,0.020,100.000,100.000
000016,1,Car,car,46.740,17,ty,0.050,100.000,100.000
000016,1,Car,car,46.740,17,ty,0.100,100.000,100.000
000019,0,Car,car,9.720,1388,yaw,0.000,100.000,98.919
000019,0,Car,car,9.720,1388,yaw,0.500,100.000,98.775
000019,0,Car,car,9.720,1388,yaw,1.000,100.000,97.478
000019,0,Car,car,9.720,1388,yaw,2.000,100.000,91.499
000019,0,Car,car,9.720,1388,yaw,3.000,100.000,84.726
000019,0,Car,car,9.720,1388,pitch,0.000,100.000,98.919
000019,0,Car,car,9.720,1388,pitch,0.500,100.000,95.317
000019,0,Car,car,9.720,1388,pitch,1.000,100.000,89.986
000019,0,Car,car,9.720,1388,pitch,2.000,100.000,78.818
000019,0,Car,car,9.720,1388,pitch,3.000,100.000,70.101
000019,0,Car,car,9.720,1388,roll,0.000,100.000,98.919
000019,0,Car,car,9.720,1388,roll,0.500,100.000,97.550
000019,0,Car,car,9.720,1388,roll,1.000,100.000,96.110
000019,0,Car,car,9.720,1388,roll,2.000,100.000,93.876
000019,0,Car,car,9.720,1388,roll,3.000,100.000,90.850
000019,0,Car,car,9.720,1388,ty,0.000,100.000,98.919
000019,0,Car,car,9.720,1388,ty,0.020,100.000,98.919
000019,0,Car,car,9.720,1388,ty,0.050,100.000,98.919
000019,0,Car,car,9.720,1388,ty,0.100,100.000,98.775
000019,1,Van,car,35.340,119,yaw,0.000,100.000,96.639
000019,1,Van,car,35.340,119,yaw,0.500,100.000,89.076
000019,1,Van,car,35.340,119,yaw,1.000,100.000,71.429
000019,1,Van,car,35.340,119,yaw,2.000,100.000,40.336
000019,1,Van,car,35.340,119,yaw,3.000,100.000,10.924
000019,1,Van,car,35.340,119,pitch,0.000,100.000,96.639
000019,1,Van,car,35.340,119,pitch,0.500,100.000,83.193
000019,1,Van,car,35.340,119,pitch,1.000,100.000,56.303
000019,1,Van,car,35.340,119,pitch,2.000,100.000,11.765
000019,1,Van,car,35.340,119,pitch,3.000,100.000,0.000
000019,1,Van,car,35.340,119,roll,0.000,100.000,96.639
000019,1,Van,car,35.340,119,roll,0.500,100.000,96.639
000019,1,Van,car,35.340,119,roll,1.000,100.000,96.639
000019,1,Van,car,35.340,119,roll,2.000,100.000,93.277
000019,1,Van,car,35.340,119,roll,3.000,100.000,87.395
000019,1,Van,car,35.340,119,ty,0.000,100.000,96.639
000019,1,Van,car,35.340,119,ty,0.020,100.000,96.639
000019,1,Van,car,35.340,119,ty,0.050,100.000,96.639
000019,1,Van,car,35.340,119,ty,0.100,100.000,96.639
000019,2,Car,car,59.590,21,yaw,0.000,100.000,100.000
000019,2,Car,car,59.590,21,yaw,0.500,100.000,71.429
000019,2,Car,car,59.590,21,yaw,1.000,100.000,33.333
000019,2,Car,car,59.590,21,yaw,2.000,100.000,0.000
000019,2,Car,car,59.590,21,yaw,3.000,100.000,0.000
000019,2,Car,car,59.590,21,pitch,0.000,100.000,100.000
000019,2,Car,car,59.590,21,pitch,0.500,100.000,76.190
000019,2,Car,car,59.590,21,pitch,1.000,100.000,4.762
000019,2,Car,car,59.590,21,pitch,2.000,100.000,0.000
000019,2,Car,car,59.590,21,pitch,3.000,100.000,0.000
000019,2,Car,car,59.590,21,roll,0.000,100.000,100.000
000019,2,Car,car,59.590,21,roll,0.500,100.000,100.000
000019,2,Car,car,59.590,21,roll,1.000,100.000,100.000
000019,2,Car,car,59.590,21,roll,2.000,100.000,100.000
000019,2,Car,car,59.590,21,roll,3.000,100.000,100.000
000019,2,Car,car,59.590,21,ty,0.000,100.000,100.000
000019,2,Car,car,59.590,21,ty,0.020,100.000,100.000
000019,2,Car,car,59.590,21,ty,0.050,100.000,100.000
000019,2,Car,car,59.590,21,ty,0.100,100.000,100.000
000021,0,Car,car,13.300,995,yaw,0.000,100.000,95.176
000021,0,Car,car,13.300,995,yaw,0.500,100.000,94.874
000021,0,Car,car,13.300,995,yaw,1.000,100.000,94.271
000021,0,Car,car,13.300,995,yaw,2.000,100.000,88.342
000021,0,Car,car,13.300,995,yaw,3.000,100.000,81.005
000021,0,Car,car,13.300,995,pitch,0.000,100.000,95.176
000021,0,Car,car,13.300,995,pitch,0.500,100.000,87.940
000021,0,Car,car,13.300,995,pitch,1.000,100.000,78.392
000021,0,Car,car,13.300,995,pitch,2.000,100.000,63.719
000021,0,Car,car,13.300,995,pitch,3.000,100.000,49.246
000021,0,Car,car,13.300,995,roll,0.000,100.000,95.176
000021,0,Car,car,13.300,995,roll,0.500,100.000,95.779
000021,0,Car,car,13.300,995,roll,1.000,100.000,97.789
000021,0,Car,car,13.300,995,roll,2.000,100.000,97.286
000021,0,Car,car,13.300,995,roll,3.000,100.000,94.874
000021,0,Car,car,13.300,995,ty,0.000,100.000,95.176
000021,0,Car,car,13.300,995,ty,0.020,100.000,95.276
000021,0,Car,car,13.300,995,ty,0.050,100.000,95.276
000021,0,Car,car,13.300,995,ty,0.100,100.000,95.276
000021,1,Car,car,17.600,268,yaw,0.000,100.000,100.000
000021,1,Car,car,17.600,268,yaw,0.500,100.000,100.000
000021,1,Car,car,17.600,268,yaw,1.000,100.000,100.000
000021,1,Car,car,17.600,268,yaw,2.000,100.000,99.254
000021,1,Car,car,17.600,268,yaw,3.000,100.000,95.896
000021,1,Car,car,17.600,268,pitch,0.000,100.000,100.000
000021,1,Car,car,17.600,268,pitch,0.500,100.000,89.925
000021,1,Car,car,17.600,268,pitch,1.000,100.000,82.836
000021,1,Car,car,17.600,268,pitch,2.000,100.000,66.045
000021,1,Car,car,17.600,268,pitch,3.000,100.000,51.866
000021,1,Car,car,17.600,268,roll,0.000,100.000,100.000
000021,1,Car,car,17.600,268,roll,0.500,100.000,100.000
000021,1,Car,car,17.600,268,roll,1.000,100.000,100.000
000021,1,Car,car,17.600,268,roll,2.000,100.000,97.015
000021,1,Car,car,17.600,268,roll,3.000,100.000,91.791
000021,1,Car,car,17.600,268,ty,0.000,100.000,100.000
000021,1,Car,car,17.600,268,ty,0.020,100.000,100.000
000021,1,Car,car,17.600,268,ty,0.050,100.000,100.000
000021,1,Car,car,17.600,268,ty,0.100,100.000,100.000
000021,2,Van,car,21.300,991,yaw,0.000,100.000,99.899
000021,2,Van,car,21.300,991,yaw,0.500,100.000,99.899
000021,2,Van,car,21.300,991,yaw,1.000,100.000,95.459
000021,2,Van,car,21.300,991,yaw,2.000,100.000,93.239
000021,2,Van,car,21.300,991,yaw,3.000,100.000,85.368
000021,2,Van,car,21.300,991,pitch,0.000,100.000,99.899
000021,2,Van,car,21.300,991,pitch,0.500,100.000,93.138
000021,2,Van,car,21.300,991,pitch,1.000,100.000,86.680
000021,2,Van,car,21.300,991,pitch,2.000,100.000,71.746
000021,2,Van,car,21.300,991,pitch,3.000,100.000,51.060
000021,2,Van,car,21.300,991,roll,0.000,100.000,99.899
000021,2,Van,car,21.300,991,roll,0.500,100.000,97.175
000021,2,Van,car,21.300,991,roll,1.000,100.000,94.349
000021,2,Van,car,21.300,991,roll,2.000,100.000,86.276
000021,2,Van,car,21.300,991,roll,3.000,100.000,78.607
000021,2,Van,car,21.300,991,ty,0.000,100.000,99.899
000021,2,Van,car,21.300,991,ty,0.020,100.000,99.899
000021,2,Van,car,21.300,991,ty,0.050,100.000,100.000
000021,2,Van,car,21.300,991,ty,0.100,100.000,100.000
000021,3,Car,car,25.970,193,yaw,0.000,100.000,97.409
000021,3,Car,car,25.970,193,yaw,0.500,100.000,96.373
000021,3,Car,car,25.970,193,yaw,1.000,100.000,87.565
000021,3,Car,car,25.970,193,yaw,2.000,100.000,65.803
000021,3,Car,car,25.970,193,yaw,3.000,100.000,42.487
000021,3,Car,car,25.970,193,pitch,0.000,100.000,97.409
000021,3,Car,car,25.970,193,pitch,0.500,100.000,78.756
000021,3,Car,car,25.970,193,pitch,1.000,100.000,58.031
000021,3,Car,car,25.970,193,pitch,2.000,100.000,21.762
000021,3,Car,car,25.970,193,pitch,3.000,100.000,7.772
000021,3,Car,car,25.970,193,roll,0.000,100.000,97.409
000021,3,Car,car,25.970,193,roll,0.500,100.000,97.927
000021,3,Car,car,25.970,193,roll,1.000,100.000,82.383
000021,3,Car,car,25.970,193,roll,2.000,100.000,82.383
000021,3,Car,car,25.970,193,roll,3.000,100.000,72.539
000021,3,Car,car,25.970,193,ty,0.000,100.000,97.409
000021,3,Car,car,25.970,193,ty,0.020,100.000,97.927
000021,3,Car,car,25.970,193,ty,0.050,100.000,97.927
000021,3,Car,car,25.970,193,ty,0.100,100.000,97.927
000021,4,Car,car,26.830,135,yaw,0.000,100.000,97.037
000021,4,Car,car,26.830,135,yaw,0.500,100.000,97.778
000021,4,Car,car,26.830,135,yaw,1.000,100.000,97.778
000021,4,Car,car,26.830,135,yaw,2.000,100.000,76.296
000021,4,Car,car,26.830,135,yaw,3.000,100.000,44.444
000021,4,Car,car,26.830,135,pitch,0.000,100.000,97.037
000021,4,Car,car,26.830,135,pitch,0.500,100.000,82.963
000021,4,Car,car,26.830,135,pitch,1.000,100.000,53.333
000021,4,Car,car,26.830,135,pitch,2.000,100.000,17.037
000021,4,Car,car,26.830,135,pitch,3.000,100.000,8.889
000021,4,Car,car,26.830,135,roll,0.000,100.000,97.037
000021,4,Car,car,26.830,135,roll,0.500,100.000,97.037
000021,4,Car,car,26.830,135,roll,1.000,100.000,97.037
000021,4,Car,car,26.830,135,roll,2.000,100.000,99.259
000021,4,Car,car,26.830,135,roll,3.000,100.000,99.259
000021,4,Car,car,26.830,135,ty,0.000,100.000,97.037
000021,4,Car,car,26.830,135,ty,0.020,100.000,97.037
000021,4,Car,car,26.830,135,ty,0.050,100.000,97.037
000021,4,Car,car,26.830,135,ty,0.100,100.000,97.778
000023,0,Truck,car,69.290,81,yaw,0.000,100.000,98.765
000023,0,Truck,car,69.290,81,yaw,0.500,100.000,80.247
000023,0,Truck,car,69.290,81,yaw,1.000,100.000,56.790
000023,0,Truck,car,69.290,81,yaw,2.000,100.000,12.346
000023,0,Truck,car,69.290,81,yaw,3.000,100.000,0.000
000023,0,Truck,car,69.290,81,pitch,0.000,100.000,98.765
000023,0,Truck,car,69.290,81,pitch,0.500,100.000,93.827
000023,0,Truck,car,69.290,81,pitch,1.000,100.000,67.901
000023,0,Truck,car,69.290,81,pitch,2.000,100.000,16.049
000023,0,Truck,car,69.290,81,pitch,3.000,100.000,0.000
000023,0,Truck,car,69.290,81,roll,0.000,100.000,98.765
000023,0,Truck,car,69.290,81,roll,0.500,100.000,100.000
000023,0,Truck,car,69.290,81,roll,1.000,100.000,100.000
000023,0,Truck,car,69.290,81,roll,2.000,100.000,100.000
000023,0,Truck,car,69.290,81,roll,3.000,100.000,100.000
000023,0,Truck,car,69.290,81,ty,0.000,100.000,98.765
000023,0,Truck,car,69.290,81,ty,0.020,100.000,97.531
000023,0,Truck,car,69.290,81,ty,0.050,100.000,97.531
000023,0,Truck,car,69.290,81,ty,0.100,100.000,95.062
000023,1,Car,car,55.080,13,yaw,0.000,100.000,100.000
000023,1,Car,car,55.080,13,yaw,0.500,100.000,84.615
000023,1,Car,car,55.080,13,yaw,1.000,100.000,53.846
000023,1,Car,car,55.080,13,yaw,2.000,100.000,0.000
000023,1,Car,car,55.080,13,yaw,3.000,100.000,0.000
000023,1,Car,car,55.080,13,pitch,0.000,100.000,100.000
000023,1,Car,car,55.080,13,pitch,0.500,100.000,100.000
000023,1,Car,car,55.080,13,pitch,1.000,100.000,0.000
000023,1,Car,car,55.080,13,pitch,2.000,100.000,0.000
000023,1,Car,car,55.080,13,pitch,3.000,100.000,0.000
000023,1,Car,car,55.080,13,roll,0.000,100.000,100.000
000023,1,Car,car,55.080,13,roll,0.500,100.000,100.000
000023,1,Car,car,55.080,13,roll,1.000,100.000,100.000
000023,1,Car,car,55.080,13,roll,2.000,100.000,100.000
000023,1,Car,car,55.080,13,roll,3.000,100.000,100.000
000023,1,Car,car,55.080,13,ty,0.000,100.000,100.000
000023,1,Car,car,55.080,13,ty,0.020,100.000,100.000
000023,1,Car,car,55.080,13,ty,0.050,100.000,100.000
000023,1,Car,car,55.080,13,ty,0.100,100.000,100.000
000025,0,Car,car,10.420,1339,yaw,0.000,100.000,96.341
000025,0,Car,car,10.420,1339,yaw,0.500,100.000,95.967
000025,0,Car,car,10.420,1339,yaw,1.000,100.000,93.876
000025,0,Car,car,10.420,1339,yaw,2.000,100.000,86.557
000025,0,Car,car,10.420,1339,yaw,3.000,100.000,78.491
000025,0,Car,car,10.420,1339,pitch,0.000,100.000,96.341
000025,0,Car,car,10.420,1339,pitch,0.500,100.000,91.412
000025,0,Car,car,10.420,1339,pitch,1.000,100.000,87.005
000025,0,Car,car,10.420,1339,pitch,2.000,100.000,80.807
000025,0,Car,car,10.420,1339,pitch,3.000,100.000,67.886
000025,0,Car,car,10.420,1339,roll,0.000,100.000,96.341
000025,0,Car,car,10.420,1339,roll,0.500,100.000,97.386
000025,0,Car,car,10.420,1339,roll,1.000,100.000,97.834
000025,0,Car,car,10.420,1339,roll,2.000,100.000,99.253
000025,0,Car,car,10.420,1339,roll,3.000,100.000,97.909
000025,0,Car,car,10.420,1339,ty,0.000,100.000,96.341
000025,0,Car,car,10.420,1339,ty,0.020,100.000,96.266
000025,0,Car,car,10.420,1339,ty,0.050,100.000,96.191
000025,0,Car,car,10.420,1339,ty,0.100,100.000,95.892
000025,1,Car,car,30.180,92,yaw,0.000,100.000,88.043
000025,1,Car,car,30.180,92,yaw,0.500,100.000,79.348
000025,1,Car,car,30.180,92,yaw,1.000,100.000,70.652
000025,1,Car,car,30.180,92,yaw,2.000,100.000,41.304
000025,1,Car,car,30.180,92,yaw,3.000,100.000,17.391
000025,1,Car,car,30.180,92,pitch,0.000,100.000,88.043
000025,1,Car,car,30.180,92,pitch,0.500,100.000,61.957
000025,1,Car,car,30.180,92,pitch,1.000,100.000,38.043
000025,1,Car,car,30.180,92,pitch,2.000,100.000,6.522
000025,1,Car,car,30.180,92,pitch,3.000,100.000,0.000
000025,1,Car,car,30.180,92,roll,0.000,100.000,88.043
000025,1,Car,car,30.180,92,roll,0.500,100.000,88.043
000025,1,Car,car,30.180,92,roll,1.000,100.000,88.043
000025,1,Car,car,30.180,92,roll,2.000,100.000,88.043
000025,1,Car,car,30.180,92,roll,3.000,100.000,88.043
000025,1,Car,car,30.180,92,ty,0.000,100.000,88.043
000025,1,Car,car,30.180,92,ty,0.020,100.000,88.043
000025,1,Car,car,30.180,92,ty,0.050,100.000,88.043
000025,1,Car,car,30.180,92,ty,0.100,100.000,86.957
000025,2,Car,car,17.480,372,yaw,0.000,100.000,91.667
000025,2,Car,car,17.480,372,yaw,0.500,100.000,89.785
000025,2,Car,car,17.480,372,yaw,1.000,100.000,84.140
000025,2,Car,car,17.480,372,yaw,2.000,100.000,66.667
000025,2,Car,car,17.480,372,yaw,3.000,100.000,47.849
000025,2,Car,car,17.480,372,pitch,0.000,100.000,91.667
000025,2,Car,car,17.480,372,pitch,0.500,100.000,83.065
000025,2,Car,car,17.480,372,pitch,1.000,100.000,75.269
000025,2,Car,car,17.480,372,pitch,2.000,100.000,49.731
000025,2,Car,car,17.480,372,pitch,3.000,100.000,27.688
000025,2,Car,car,17.480,372,roll,0.000,100.000,91.667
000025,2,Car,car,17.480,372,roll,0.500,100.000,90.860
000025,2,Car,car,17.480,372,roll,1.000,100.000,90.591
000025,2,Car,car,17.480,372,roll,2.000,100.000,85.215
000025,2,Car,car,17.480,372,roll,3.000,100.000,81.989
000025,2,Car,car,17.480,372,ty,0.000,100.000,91.667
000025,2,Car,car,17.480,372,ty,0.020,100.000,91.398
000025,2,Car,car,17.480,372,ty,0.050,100.000,91.129
000025,2,Car,car,17.480,372,ty,0.100,100.000,91.129
000025,3,Car,car,22.300,49,yaw,0.000,100.000,85.714
000025,3,Car,car,22.300,49,yaw,0.500,100.000,28.571
000025,3,Car,car,22.300,49,yaw,1.000,100.000,4.082
000025,3,Car,car,22.300,49,yaw,2.000,100.000,0.000
000025,3,Car,car,22.300,49,yaw,3.000,100.000,0.000
000025,3,Car,car,22.300,49,pitch,0.000,100.000,85.714
000025,3,Car,car,22.300,49,pitch,0.500,100.000,79.592
000025,3,Car,car,22.300,49,pitch,1.000,100.000,69.388
000025,3,Car,car,22.300,49,pitch,2.000,100.000,40.816
000025,3,Car,car,22.300,49,pitch,3.000,100.000,20.408
000025,3,Car,car,22.300,49,roll,0.000,100.000,85.714
000025,3,Car,car,22.300,49,roll,0.500,100.000,85.714
000025,3,Car,car,22.300,49,roll,1.000,100.000,85.714
000025,3,Car,car,22.300,49,roll,2.000,100.000,71.429
000025,3,Car,car,22.300,49,roll,3.000,100.000,63.265
000025,3,Car,car,22.300,49,ty,0.000,100.000,85.714
000025,3,Car,car,22.300,49,ty,0.020,100.000,81.633
000025,3,Car,car,22.300,49,ty,0.050,100.000,69.388
000025,3,Car,car,22.300,49,ty,0.100,100.000,59.184
000031,0,Car,car,12.200,1214,yaw,0.000,100.000,96.705
000031,0,Car,car,12.200,1214,yaw,0.500,100.000,95.799
000031,0,Car,car,12.200,1214,yaw,1.000,100.000,92.257
000031,0,Car,car,12.200,1214,yaw,2.000,100.000,82.784
000031,0,Car,car,12.200,1214,yaw,3.000,100.000,73.229
000031,0,Car,car,12.200,1214,pitch,0.000,100.000,96.705
000031,0,Car,car,12.200,1214,pitch,0.500,100.000,92.751
000031,0,Car,car,12.200,1214,pitch,1.000,100.000,89.292
000031,0,Car,car,12.200,1214,pitch,2.000,100.000,76.277
000031,0,Car,car,12.200,1214,pitch,3.000,100.000,62.521
000031,0,Car,car,12.200,1214,roll,0.000,100.000,96.705
000031,0,Car,car,12.200,1214,roll,0.500,100.000,97.941
000031,0,Car,car,12.200,1214,roll,1.000,100.000,99.506
000031,0,Car,car,12.200,1214,roll,2.000,100.000,97.364
000031,0,Car,car,12.200,1214,roll,3.000,100.000,94.399
000031,0,Car,car,12.200,1214,ty,0.000,100.000,96.705
000031,0,Car,car,12.200,1214,ty,0.020,100.000,96.705
000031,0,Car,car,12.200,1214,ty,0.050,100.000,96.787
000031,0,Car,car,12.200,1214,ty,0.100,100.000,96.129
000031,1,Car,car,8.460,1335,yaw,0.000,100.000,94.831
000031,1,Car,car,8.460,1335,yaw,0.500,100.000,95.356
000031,1,Car,car,8.460,1335,yaw,1.000,100.000,94.532
000031,1,Car,car,8.460,1335,yaw,2.000,100.000,91.161
000031,1,Car,car,8.460,1335,yaw,3.000,100.000,87.715
000031,1,Car,car,8.460,1335,pitch,0.000,100.000,94.831
000031,1,Car,car,8.460,1335,pitch,0.500,100.000,89.064
000031,1,Car,car,8.460,1335,pitch,1.000,100.000,83.146
000031,1,Car,car,8.460,1335,pitch,2.000,98.727,76.030
000031,1,Car,car,8.460,1335,pitch,3.000,88.539,62.697
000031,1,Car,car,8.460,1335,roll,0.000,100.000,94.831
000031,1,Car,car,8.460,1335,roll,0.500,100.000,92.734
000031,1,Car,car,8.460,1335,roll,1.000,100.000,90.562
000031,1,Car,car,8.460,1335,roll,2.000,100.000,85.768
000031,1,Car,car,8.460,1335,roll,3.000,100.000,82.772
000031,1,Car,car,8.460,1335,ty,0.000,100.000,94.831
000031,1,Car,car,8.460,1335,ty,0.020,100.000,94.831
000031,1,Car,car,8.460,1335,ty,0.050,100.000,94.757
000031,1,Car,car,8.460,1335,ty,0.100,100.000,94.757
000031,2,Car,car,13.140,649,yaw,0.000,100.000,95.840
000031,2,Car,car,13.140,649,yaw,0.500,100.000,93.066
000031,2,Car,car,13.140,649,yaw,1.000,100.000,88.906
000031,2,Car,car,13.140,649,yaw,2.000,100.000,76.733
000031,2,Car,car,13.140,649,yaw,3.000,100.000,63.020
000031,2,Car,car,13.140,649,pitch,0.000,100.000,95.840
000031,2,Car,car,13.140,649,pitch,0.500,100.000,91.525
000031,2,Car,car,13.140,649,pitch,1.000,100.000,83.821
000031,2,Car,car,13.140,649,pitch,2.000,100.000,70.724
000031,2,Car,car,13.140,649,pitch,3.000,100.000,55.316
000031,2,Car,car,13.140,649,roll,0.000,100.000,95.840
000031,2,Car,car,13.140,649,roll,0.500,100.000,95.686
000031,2,Car,car,13.140,649,roll,1.000,100.000,95.378
000031,2,Car,car,13.140,649,roll,2.000,100.000,92.758
000031,2,Car,car,13.140,649,roll,3.000,100.000,88.290
000031,2,Car,car,13.140,649,ty,0.000,100.000,95.840
000031,2,Car,car,13.140,649,ty,0.020,100.000,95.532
000031,2,Car,car,13.140,649,ty,0.050,100.000,95.069
000031,2,Car,car,13.140,649,ty,0.100,100.000,93.529
000031,3,Car,car,26.410,174,yaw,0.000,100.000,87.931
000031,3,Car,car,26.410,174,yaw,0.500,100.000,77.586
000031,3,Car,car,26.410,174,yaw,1.000,100.000,65.517
000031,3,Car,car,26.410,174,yaw,2.000,100.000,41.379
000031,3,Car,car,26.410,174,yaw,3.000,100.000,17.816
000031,3,Car,car,26.410,174,pitch,0.000,100.000,87.931
000031,3,Car,car,26.410,174,pitch,0.500,100.000,74.713
000031,3,Car,car,26.410,174,pitch,1.000,100.000,61.494
000031,3,Car,car,26.410,174,pitch,2.000,100.000,23.563
000031,3,Car,car,26.410,174,pitch,3.000,100.000,4.023
000031,3,Car,car,26.410,174,roll,0.000,100.000,87.931
000031,3,Car,car,26.410,174,roll,0.500,100.000,87.931
000031,3,Car,car,26.410,174,roll,1.000,100.000,87.931
000031,3,Car,car,26.410,174,roll,2.000,100.000,87.356
000031,3,Car,car,26.410,174,roll,3.000,100.000,83.908
000031,3,Car,car,26.410,174,ty,0.000,100.000,87.931
000031,3,Car,car,26.410,174,ty,0.020,100.000,87.356
000031,3,Car,car,26.410,174,ty,0.050,100.000,87.356
000031,3,Car,car,26.410,174,ty,0.100,100.000,84.483
000031,4,Van,car,51.900,44,yaw,0.000,100.000,97.727
000031,4,Van,car,51.900,44,yaw,0.500,100.000,90.909
000031,4,Van,car,51.900,44,yaw,1.000,100.000,65.909
000031,4,Van,car,51.900,44,yaw,2.000,100.000,15.909
000031,4,Van,car,51.900,44,yaw,3.000,100.000,0.000
000031,4,Van,car,51.900,44,pitch,0.000,100.000,97.727
000031,4,Van,car,51.900,44,pitch,0.500,100.000,54.545
000031,4,Van,car,51.900,44,pitch,1.000,100.000,31.818
000031,4,Van,car,51.900,44,pitch,2.000,100.000,2.273
000031,4,Van,car,51.900,44,pitch,3.000,100.000,0.000
000031,4,Van,car,51.900,44,roll,0.000,100.000,97.727
000031,4,Van,car,51.900,44,roll,0.500,100.000,97.727
000031,4,Van,car,51.900,44,roll,1.000,100.000,97.727
000031,4,Van,car,51.900,44,roll,2.000,100.000,81.818
000031,4,Van,car,51.900,44,roll,3.000,100.000,79.545
000031,4,Van,car,51.900,44,ty,0.000,100.000,97.727
000031,4,Van,car,51.900,44,ty,0.020,100.000,97.727
000031,4,Van,car,51.900,44,ty,0.050,100.000,100.000
000031,4,Van,car,51.900,44,ty,0.100,100.000,100.000
000032,0,Car,car,9.000,1799,yaw,0.000,100.000,94.386
000032,0,Car,car,9.000,1799,yaw,0.500,100.000,94.052
000032,0,Car,car,9.000,1799,yaw,1.000,100.000,93.496
000032,0,Car,car,9.000,1799,yaw,2.000,100.000,91.718
000032,0,Car,car,9.000,1799,yaw,3.000,100.000,87.549
000032,0,Car,car,9.000,1799,pitch,0.000,100.000,94.386
000032,0,Car,car,9.000,1799,pitch,0.500,100.000,90.661
000032,0,Car,car,9.000,1799,pitch,1.000,100.000,87.993
000032,0,Car,car,9.000,1799,pitch,2.000,95.497,81.990
000032,0,Car,car,9.000,1799,pitch,3.000,88.660,73.096
000032,0,Car,car,9.000,1799,roll,0.000,100.000,94.386
000032,0,Car,car,9.000,1799,roll,0.500,100.000,95.720
000032,0,Car,car,9.000,1799,roll,1.000,100.000,96.220
000032,0,Car,car,9.000,1799,roll,2.000,100.000,96.554
000032,0,Car,car,9.000,1799,roll,3.000,100.000,94.163
000032,0,Car,car,9.000,1799,ty,0.000,100.000,94.386
000032,0,Car,car,9.000,1799,ty,0.020,100.000,94.386
000032,0,Car,car,9.000,1799,ty,0.050,100.000,94.386
000032,0,Car,car,9.000,1799,ty,0.100,100.000,94.275
000032,1,Car,car,8.600,1660,yaw,0.000,100.000,94.337
000032,1,Car,car,8.600,1660,yaw,0.500,100.000,94.578
000032,1,Car,car,8.600,1660,yaw,1.000,100.000,93.494
000032,1,Car,car,8.600,1660,yaw,2.000,100.000,89.277
000032,1,Car,car,8.600,1660,yaw,3.000,100.000,84.398
000032,1,Car,car,8.600,1660,pitch,0.000,100.000,94.337
000032,1,Car,car,8.600,1660,pitch,0.500,100.000,90.482
000032,1,Car,car,8.600,1660,pitch,1.000,100.000,86.566
000032,1,Car,car,8.600,1660,pitch,2.000,99.458,78.735
000032,1,Car,car,8.600,1660,pitch,3.000,93.012,68.735
000032,1,Car,car,8.600,1660,roll,0.000,100.000,94.337
000032,1,Car,car,8.600,1660,roll,0.500,100.000,92.470
000032,1,Car,car,8.600,1660,roll,1.000,100.000,91.205
000032,1,Car,car,8.600,1660,roll,2.000,100.000,88.373
000032,1,Car,car,8.600,1660,roll,3.000,100.000,85.482
000032,1,Car,car,8.600,1660,ty,0.000,100.000,94.337
000032,1,Car,car,8.600,1660,ty,0.020,100.000,94.398
000032,1,Car,car,8.600,1660,ty,0.050,100.000,94.398
000032,1,Car,car,8.600,1660,ty,0.100,100.000,94.157
000032,2,Van,car,14.340,939,yaw,0.000,100.000,96.912
000032,2,Van,car,14.340,939,yaw,0.500,100.000,96.805
000032,2,Van,car,14.340,939,yaw,1.000,100.000,96.486
000032,2,Van,car,14.340,939,yaw,2.000,100.000,94.249
000032,2,Van,car,14.340,939,yaw,3.000,100.000,90.628
000032,2,Van,car,14.340,939,pitch,0.000,100.000,96.912
000032,2,Van,car,14.340,939,pitch,0.500,100.000,93.930
000032,2,Van,car,14.340,939,pitch,1.000,100.000,91.374
000032,2,Van,car,14.340,939,pitch,2.000,100.000,84.345
000032,2,Van,car,14.340,939,pitch,3.000,100.000,75.506
000032,2,Van,car,14.340,939,roll,0.000,100.000,96.912
000032,2,Van,car,14.340,939,roll,0.500,100.000,98.083
000032,2,Van,car,14.340,939,roll,1.000,100.000,98.829
000032,2,Van,car,14.340,939,roll,2.000,100.000,97.977
000032,2,Van,car,14.340,939,roll,3.000,100.000,94.675
000032,2,Van,car,14.340,939,ty,0.000,100.000,96.912
000032,2,Van,car,14.340,939,ty,0.020,100.000,97.018
000032,2,Van,car,14.340,939,ty,0.050,100.000,97.125
000032,2,Van,car,14.340,939,ty,0.100,100.000,97.018
000032,3,Car,car,13.470,423,yaw,0.000,100.000,100.000
000032,3,Car,car,13.470,423,yaw,0.500,100.000,100.000
000032,3,Car,car,13.470,423,yaw,1.000,100.000,96.217
000032,3,Car,car,13.470,423,yaw,2.000,100.000,85.106
000032,3,Car,car,13.470,423,yaw,3.000,100.000,71.631
000032,3,Car,car,13.470,423,pitch,0.000,100.000,100.000
000032,3,Car,car,13.470,423,pitch,0.500,100.000,98.582
000032,3,Car,car,13.470,423,pitch,1.000,100.000,97.163
000032,3,Car,car,13.470,423,pitch,2.000,100.000,82.270
000032,3,Car,car,13.470,423,pitch,3.000,100.000,65.721
000032,3,Car,car,13.470,423,roll,0.000,100.000,100.000
000032,3,Car,car,13.470,423,roll,0.500,100.000,100.000
000032,3,Car,car,13.470,423,roll,1.000,100.000,100.000
000032,3,Car,car,13.470,423,roll,2.000,100.000,98.582
000032,3,Car,car,13.470,423,roll,3.000,100.000,98.582
000032,3,Car,car,13.470,423,ty,0.000,100.000,100.000
000032,3,Car,car,13.470,423,ty,0.020,100.000,100.000
000032,3,Car,car,13.470,423,ty,0.050,100.000,100.000
000032,3,Car,car,13.470,423,ty,0.100,100.000,100.000
000032,4,Van,car,44.710,70,yaw,0.000,100.000,100.000
000032,4,Van,car,44.710,70,yaw,0.500,100.000,91.429
000032,4,Van,car,44.710,70,yaw,1.000,100.000,67.143
000032,4,Van,car,44.710,70,yaw,2.000,100.000,21.429
000032,4,Van,car,44.710,70,yaw,3.000,100.000,0.000
000032,4,Van,car,44.710,70,pitch,0.000,100.000,100.000
000032,4,Van,car,44.710,70,pitch,0.500,100.000,72.857
000032,4,Van,car,44.710,70,pitch,1.000,100.000,47.143
000032,4,Van,car,44.710,70,pitch,2.000,100.000,15.714
000032,4,Van,car,44.710,70,pitch,3.000,100.000,0.000
000032,4,Van,car,44.710,70,roll,0.000,100.000,100.000
000032,4,Van,car,44.710,70,roll,0.500,100.000,100.000
000032,4,Van,car,44.710,70,roll,1.000,100.000,100.000
000032,4,Van,car,44.710,70,roll,2.000,100.000,100.000
000032,4,Van,car,44.710,70,roll,3.000,100.000,100.000
000032,4,Van,car,44.710,70,ty,0.000,100.000,100.000
000032,4,Van,car,44.710,70,ty,0.020,100.000,100.000
000032,4,Van,car,44.710,70,ty,0.050,100.000,100.000
000032,4,Van,car,44.710,70,ty,0.100,100.000,100.000
000032,5,Car,car,44.750,53,yaw,0.000,100.000,77.358
000032,5,Car,car,44.750,53,yaw,0.500,100.000,67.925
000032,5,Car,car,44.750,53,yaw,1.000,100.000,50.943
000032,5,Car,car,44.750,53,yaw,2.000,100.000,18.868
000032,5,Car,car,44.750,53,yaw,3.000,100.000,0.000
000032,5,Car,car,44.750,53,pitch,0.000,100.000,77.358
000032,5,Car,car,44.750,53,pitch,0.500,100.000,49.057
000032,5,Car,car,44.750,53,pitch,1.000,100.000,1.887
000032,5,Car,car,44.750,53,pitch,2.000,100.000,0.000
000032,5,Car,car,44.750,53,pitch,3.000,100.000,0.000
000032,5,Car,car,44.750,53,roll,0.000,100.000,77.358
000032,5,Car,car,44.750,53,roll,0.500,100.000,77.358
000032,5,Car,car,44.750,53,roll,1.000,100.000,100.000
000032,5,Car,car,44.750,53,roll,2.000,100.000,100.000
000032,5,Car,car,44.750,53,roll,3.000,100.000,100.000
000032,5,Car,car,44.750,53,ty,0.000,100.000,77.358
000032,5,Car,car,44.750,53,ty,0.020,100.000,77.358
000032,5,Car,car,44.750,53,ty,0.050,100.000,77.358
000032,5,Car,car,44.750,53,ty,0.100,100.000,77.358
000043,0,Pedestrian,vru,12.560,212,yaw,0.000,100.000,74.057
000043,0,Pedestrian,vru,12.560,212,yaw,0.500,100.000,67.925
000043,0,Pedestrian,vru,12.560,212,yaw,1.000,100.000,43.868
000043,0,Pedestrian,vru,12.560,212,yaw,2.000,100.000,6.604
000043,0,Pedestrian,vru,12.560,212,yaw,3.000,100.000,0.000
000043,0,Pedestrian,vru,12.560,212,pitch,0.000,100.000,74.057
000043,0,Pedestrian,vru,12.560,212,pitch,0.500,100.000,67.925
000043,0,Pedestrian,vru,12.560,212,pitch,1.000,100.000,64.623
000043,0,Pedestrian,vru,12.560,212,pitch,2.000,100.000,59.434
000043,0,Pedestrian,vru,12.560,212,pitch,3.000,100.000,50.943
000043,0,Pedestrian,vru,12.560,212,roll,0.000,100.000,74.057
000043,0,Pedestrian,vru,12.560,212,roll,0.500,100.000,81.132
000043,0,Pedestrian,vru,12.560,212,roll,1.000,100.000,80.660
000043,0,Pedestrian,vru,12.560,212,roll,2.000,100.000,80.660
000043,0,Pedestrian,vru,12.560,212,roll,3.000,100.000,79.717
000043,0,Pedestrian,vru,12.560,212,ty,0.000,100.000,74.057
000043,0,Pedestrian,vru,12.560,212,ty,0.020,100.000,75.000
000043,0,Pedestrian,vru,12.560,212,ty,0.050,100.000,74.057
000043,0,Pedestrian,vru,12.560,212,ty,0.100,100.000,71.698
000043,1,Pedestrian,vru,12.340,219,yaw,0.000,100.000,91.324
000043,1,Pedestrian,vru,12.340,219,yaw,0.500,100.000,79.909
000043,1,Pedestrian,vru,12.340,219,yaw,1.000,100.000,57.534
000043,1,Pedestrian,vru,12.340,219,yaw,2.000,100.000,9.589
000043,1,Pedestrian,vru,12.340,219,yaw,3.000,100.000,0.000
000043,1,Pedestrian,vru,12.340,219,pitch,0.000,100.000,91.324
000043,1,Pedestrian,vru,12.340,219,pitch,0.500,100.000,79.452
000043,1,Pedestrian,vru,12.340,219,pitch,1.000,100.000,77.169
000043,1,Pedestrian,vru,12.340,219,pitch,2.000,100.000,68.493
000043,1,Pedestrian,vru,12.340,219,pitch,3.000,100.000,58.447
000043,1,Pedestrian,vru,12.340,219,roll,0.000,100.000,91.324
000043,1,Pedestrian,vru,12.340,219,roll,0.500,100.000,91.324
000043,1,Pedestrian,vru,12.340,219,roll,1.000,100.000,90.411
000043,1,Pedestrian,vru,12.340,219,roll,2.000,100.000,89.498
000043,1,Pedestrian,vru,12.340,219,roll,3.000,100.000,87.215
000043,1,Pedestrian,vru,12.340,219,ty,0.000,100.000,91.324
000043,1,Pedestrian,vru,12.340,219,ty,0.020,100.000,91.324
000043,1,Pedestrian,vru,12.340,219,ty,0.050,100.000,89.954
000043,1,Pedestrian,vru,12.340,219,ty,0.100,100.000,83.562
000043,2,Pedestrian,vru,20.510,99,yaw,0.000,100.000,96.970
000043,2,Pedestrian,vru,20.510,99,yaw,0.500,100.000,75.758
000043,2,Pedestrian,vru,20.510,99,yaw,1.000,100.000,40.404
000043,2,Pedestrian,vru,20.510,99,yaw,2.000,100.000,0.000
000043,2,Pedestrian,vru,20.510,99,yaw,3.000,100.000,0.000
000043,2,Pedestrian,vru,20.510,99,pitch,0.000,100.000,96.970
000043,2,Pedestrian,vru,20.510,99,pitch,0.500,100.000,80.808
000043,2,Pedestrian,vru,20.510,99,pitch,1.000,100.000,77.778
000043,2,Pedestrian,vru,20.510,99,pitch,2.000,100.000,62.626
000043,2,Pedestrian,vru,20.510,99,pitch,3.000,100.000,37.374
000043,2,Pedestrian,vru,20.510,99,roll,0.000,100.000,96.970
000043,2,Pedestrian,vru,20.510,99,roll,0.500,100.000,95.960
000043,2,Pedestrian,vru,20.510,99,roll,1.000,100.000,84.848
000043,2,Pedestrian,vru,20.510,99,roll,2.000,100.000,84.848
000043,2,Pedestrian,vru,20.510,99,roll,3.000,100.000,84.848
000043,2,Pedestrian,vru,20.510,99,ty,0.000,100.000,96.970
000043,2,Pedestrian,vru,20.510,99,ty,0.020,100.000,95.960
000043,2,Pedestrian,vru,20.510,99,ty,0.050,100.000,95.960
000043,2,Pedestrian,vru,20.510,99,ty,0.100,100.000,90.909
000043,3,Pedestrian,vru,20.300,101,yaw,0.000,100.000,94.059
000043,3,Pedestrian,vru,20.300,101,yaw,0.500,100.000,73.267
000043,3,Pedestrian,vru,20.300,101,yaw,1.000,100.000,29.703
000043,3,Pedestrian,vru,20.300,101,yaw,2.000,100.000,1.980
000043,3,Pedestrian,vru,20.300,101,yaw,3.000,100.000,0.000
000043,3,Pedestrian,vru,20.300,101,pitch,0.000,100.000,94.059
000043,3,Pedestrian,vru,20.300,101,pitch,0.500,100.000,81.188
000043,3,Pedestrian,vru,20.300,101,pitch,1.000,100.000,77.228
000043,3,Pedestrian,vru,20.300,101,pitch,2.000,100.000,63.366
000043,3,Pedestrian,vru,20.300,101,pitch,3.000,100.000,41.584
000043,3,Pedestrian,vru,20.300,101,roll,0.000,100.000,94.059
000043,3,Pedestrian,vru,20.300,101,roll,0.500,100.000,85.149
000043,3,Pedestrian,vru,20.300,101,roll,1.000,100.000,85.149
000043,3,Pedestrian,vru,20.300,101,roll,2.000,100.000,86.139
000043,3,Pedestrian,vru,20.300,101,roll,3.000,100.000,82.178
000043,3,Pedestrian,vru,20.300,101,ty,0.000,100.000,94.059
000043,3,Pedestrian,vru,20.300,101,ty,0.020,100.000,96.040
000043,3,Pedestrian,vru,20.300,101,ty,0.050,100.000,93.069
000043,3,Pedestrian,vru,20.300,101,ty,0.100,100.000,88.119
000048,0,Pedestrian,vru,16.820,163,yaw,0.000,100.000,74.233
000048,0,Pedestrian,vru,16.820,163,yaw,0.500,100.000,67.485
000048,0,Pedestrian,vru,16.820,163,yaw,1.000,100.000,37.423
000048,0,Pedestrian,vru,16.820,163,yaw,2.000,100.000,15.951
000048,0,Pedestrian,vru,16.820,163,yaw,3.000,100.000,0.000
000048,0,Pedestrian,vru,16.820,163,pitch,0.000,100.000,74.233
000048,0,Pedestrian,vru,16.820,163,pitch,0.500,100.000,69.939
000048,0,Pedestrian,vru,16.820,163,pitch,1.000,100.000,64.417
000048,0,Pedestrian,vru,16.820,163,pitch,2.000,100.000,54.601
000048,0,Pedestrian,vru,16.820,163,pitch,3.000,100.000,36.810
000048,0,Pedestrian,vru,16.820,163,roll,0.000,100.000,74.233
000048,0,Pedestrian,vru,16.820,163,roll,0.500,100.000,73.620
000048,0,Pedestrian,vru,16.820,163,roll,1.000,100.000,73.620
000048,0,Pedestrian,vru,16.820,163,roll,2.000,100.000,74.233
000048,0,Pedestrian,vru,16.820,163,roll,3.000,100.000,73.620
000048,0,Pedestrian,vru,16.820,163,ty,0.000,100.000,74.233
000048,0,Pedestrian,vru,16.820,163,ty,0.020,100.000,73.620
000048,0,Pedestrian,vru,16.820,163,ty,0.050,100.000,76.074
000048,0,Pedestrian,vru,16.820,163,ty,0.100,100.000,74.233
000048,1,Pedestrian,vru,17.030,172,yaw,0.000,100.000,79.070
000048,1,Pedestrian,vru,17.030,172,yaw,0.500,100.000,66.860
000048,1,Pedestrian,vru,17.030,172,yaw,1.000,100.000,43.605
000048,1,Pedestrian,vru,17.030,172,yaw,2.000,100.000,2.326
000048,1,Pedestrian,vru,17.030,172,yaw,3.000,100.000,0.000
000048,1,Pedestrian,vru,17.030,172,pitch,0.000,100.000,79.070
000048,1,Pedestrian,vru,17.030,172,pitch,0.500,100.000,69.186
000048,1,Pedestrian,vru,17.030,172,pitch,1.000,100.000,66.860
000048,1,Pedestrian,vru,17.030,172,pitch,2.000,100.000,55.814
000048,1,Pedestrian,vru,17.030,172,pitch,3.000,100.000,38.372
000048,1,Pedestrian,vru,17.030,172,roll,0.000,100.000,79.070
000048,1,Pedestrian,vru,17.030,172,roll,0.500,100.000,79.651
000048,1,Pedestrian,vru,17.030,172,roll,1.000,100.000,72.674
000048,1,Pedestrian,vru,17.030,172,roll,2.000,100.000,71.512
000048,1,Pedestrian,vru,17.030,172,roll,3.000,100.000,69.767
000048,1,Pedestrian,vru,17.030,172,ty,0.000,100.000,79.070
000048,1,Pedestrian,vru,17.030,172,ty,0.020,100.000,78.488
000048,1,Pedestrian,vru,17.030,172,ty,0.050,100.000,75.581
000048,1,Pedestrian,vru,17.030,172,ty,0.100,100.000,71.512
000048,2,Pedestrian,vru,16.260,142,yaw,0.000,100.000,68.310
000048,2,Pedestrian,vru,16.260,142,yaw,0.500,100.000,42.958
000048,2,Pedestrian,vru,16.260,142,yaw,1.000,100.000,13.380
000048,2,Pedestrian,vru,16.260,142,yaw,2.000,100.000,0.000
000048,2,Pedestrian,vru,16.260,142,yaw,3.000,100.000,0.000
000048,2,Pedestrian,vru,16.260,142,pitch,0.000,100.000,68.310
000048,2,Pedestrian,vru,16.260,142,pitch,0.500,100.000,66.197
000048,2,Pedestrian,vru,16.260,142,pitch,1.000,100.000,61.972
000048,2,Pedestrian,vru,16.260,142,pitch,2.000,100.000,56.338
000048,2,Pedestrian,vru,16.260,142,pitch,3.000,100.000,42.254
000048,2,Pedestrian,vru,16.260,142,roll,0.000,100.000,68.310
000048,2,Pedestrian,vru,16.260,142,roll,0.500,100.000,78.169
000048,2,Pedestrian,vru,16.260,142,roll,1.000,100.000,77.465
000048,2,Pedestrian,vru,16.260,142,roll,2.000,100.000,77.465
000048,2,Pedestrian,vru,16.260,142,roll,3.000,100.000,77.465
000048,2,Pedestrian,vru,16.260,142,ty,0.000,100.000,68.310
000048,2,Pedestrian,vru,16.260,142,ty,0.020,100.000,68.310
000048,2,Pedestrian,vru,16.260,142,ty,0.050,100.000,64.789
000048,2,Pedestrian,vru,16.260,142,ty,0.100,100.000,56.338
000048,3,Cyclist,vru,30.420,42,yaw,0.000,100.000,100.000
000048,3,Cyclist,vru,30.420,42,yaw,0.500,100.000,90.476
000048,3,Cyclist,vru,30.420,42,yaw,1.000,100.000,45.238
000048,3,Cyclist,vru,30.420,42,yaw,2.000,100.000,0.000
000048,3,Cyclist,vru,30.420,42,yaw,3.000,100.000,0.000
000048,3,Cyclist,vru,30.420,42,pitch,0.000,100.000,100.000
000048,3,Cyclist,vru,30.420,42,pitch,0.500,100.000,80.952
000048,3,Cyclist,vru,30.420,42,pitch,1.000,100.000,66.667
000048,3,Cyclist,vru,30.420,42,pitch,2.000,100.000,33.333
000048,3,Cyclist,vru,30.420,42,pitch,3.000,100.000,0.000
000048,3,Cyclist,vru,30.420,42,roll,0.000,100.000,100.000
000048,3,Cyclist,vru,30.420,42,roll,0.500,100.000,100.000
000048,3,Cyclist,vru,30.420,42,roll,1.000,100.000,100.000
000048,3,Cyclist,vru,30.420,42,roll,2.000,100.000,100.000
000048,3,Cyclist,vru,30.420,42,roll,3.000,100.000,100.000
000048,3,Cyclist,vru,30.420,42,ty,0.000,100.000,100.000
000048,3,Cyclist,vru,30.420,42,ty,0.020,100.000,100.000
000048,3,Cyclist,vru,30.420,42,ty,0.050,100.000,100.000
000048,3,Cyclist,vru,30.420,42,ty,0.100,100.000,100.000
000049,0,Car,car,21.550,271,yaw,0.000,100.000,87.823
000049,0,Car,car,21.550,271,yaw,0.500,100.000,79.705
000049,0,Car,car,21.550,271,yaw,1.000,100.000,69.373
000049,0,Car,car,21.550,271,yaw,2.000,100.000,49.077
000049,0,Car,car,21.550,271,yaw,3.000,100.000,30.627
000049,0,Car,car,21.550,271,pitch,0.000,100.000,87.823
000049,0,Car,car,21.550,271,pitch,0.500,100.000,70.849
000049,0,Car,car,21.550,271,pitch,1.000,100.000,56.458
000049,0,Car,car,21.550,271,pitch,2.000,100.000,25.461
000049,0,Car,car,21.550,271,pitch,3.000,100.000,8.856
000049,0,Car,car,21.550,271,roll,0.000,100.000,87.823
000049,0,Car,car,21.550,271,roll,0.500,100.000,87.823
000049,0,Car,car,21.550,271,roll,1.000,100.000,87.823
000049,0,Car,car,21.550,271,roll,2.000,100.000,86.716
000049,0,Car,car,21.550,271,roll,3.000,100.000,86.347
000049,0,Car,car,21.550,271,ty,0.000,100.000,87.823
000049,0,Car,car,21.550,271,ty,0.020,100.000,87.823
000049,0,Car,car,21.550,271,ty,0.050,100.000,86.347
000049,0,Car,car,21.550,271,ty,0.100,100.000,83.395
000049,1,Car,car,13.750,1144,yaw,0.000,100.000,96.503
000049,1,Car,car,13.750,1144,yaw,0.500,100.000,95.280
000049,1,Car,car,13.750,1144,yaw,1.000,100.000,92.308
000049,1,Car,car,13.750,1144,yaw,2.000,100.000,86.276
000049,1,Car,car,13.750,1144,yaw,3.000,100.000,79.021
000049,1,Car,car,13.750,1144,pitch,0.000,100.000,96.503
000049,1,Car,car,13.750,1144,pitch,0.500,100.000,90.122
000049,1,Car,car,13.750,1144,pitch,1.000,100.000,81.031
000049,1,Car,car,13.750,1144,pitch,2.000,100.000,66.521
000049,1,Car,car,13.750,1144,pitch,3.000,100.000,47.902
000049,1,Car,car,13.750,1144,roll,0.000,100.000,96.503
000049,1,Car,car,13.750,1144,roll,0.500,100.000,98.164
000049,1,Car,car,13.750,1144,roll,1.000,100.000,97.727
000049,1,Car,car,13.750,1144,roll,2.000,100.000,95.542
000049,1,Car,car,13.750,1144,roll,3.000,100.000,92.308
000049,1,Car,car,13.750,1144,ty,0.000,100.000,96.503
000049,1,Car,car,13.750,1144,ty,0.020,100.000,96.503
000049,1,Car,car,13.750,1144,ty,0.050,100.000,96.416
000049,1,Car,car,13.750,1144,ty,0.100,100.000,96.066
000049,2,Car,car,9.530,747,yaw,0.000,100.000,94.244
000049,2,Car,car,9.530,747,yaw,0.500,100.000,93.842
000049,2,Car,car,9.530,747,yaw,1.000,100.000,91.031
000049,2,Car,car,9.530,747,yaw,2.000,100.000,84.070
000049,2,Car,car,9.530,747,yaw,3.000,100.000,78.046
000049,2,Car,car,9.530,747,pitch,0.000,100.000,94.244
000049,2,Car,car,9.530,747,pitch,0.500,100.000,91.566
000049,2,Car,car,9.530,747,pitch,1.000,100.000,87.149
000049,2,Car,car,9.530,747,pitch,2.000,100.000,77.912
000049,2,Car,car,9.530,747,pitch,3.000,96.921,67.202
000049,2,Car,car,9.530,747,roll,0.000,100.000,94.244
000049,2,Car,car,9.530,747,roll,0.500,100.000,92.236
000049,2,Car,car,9.530,747,roll,1.000,100.000,91.566
000049,2,Car,car,9.530,747,roll,2.000,100.000,89.290
000049,2,Car,car,9.530,747,roll,3.000,100.000,85.944
000049,2,Car,car,9.530,747,ty,0.000,100.000,94.244
000049,2,Car,car,9.530,747,ty,0.020,100.000,94.244
000049,2,Car,car,9.530,747,ty,0.050,100.000,94.244
000049,2,Car,car,9.530,747,ty,0.100,100.000,93.842
000049,3,Car,car,14.890,535,yaw,0.000,100.000,97.009
000049,3,Car,car,14.890,535,yaw,0.500,100.000,95.140
000049,3,Car,car,14.890,535,yaw,1.000,100.000,90.841
000049,3,Car,car,14.890,535,yaw,2.000,100.000,78.879
000049,3,Car,car,14.890,535,yaw,3.000,100.000,63.738
000049,3,Car,car,14.890,535,pitch,0.000,100.000,97.009
000049,3,Car,car,14.890,535,pitch,0.500,100.000,90.093
000049,3,Car,car,14.890,535,pitch,1.000,100.000,84.673
000049,3,Car,car,14.890,535,pitch,2.000,100.000,67.664
000049,3,Car,car,14.890,535,pitch,3.000,100.000,52.336
000049,3,Car,car,14.890,535,roll,0.000,100.000,97.009
000049,3,Car,car,14.890,535,roll,0.500,100.000,96.262
000049,3,Car,car,14.890,535,roll,1.000,100.000,93.271
000049,3,Car,car,14.890,535,roll,2.000,100.000,91.215
000049,3,Car,car,14.890,535,roll,3.000,100.000,87.850
000049,3,Car,car,14.890,535,ty,0.000,100.000,97.009
000049,3,Car,car,14.890,535,ty,0.020,100.000,96.822
000049,3,Car,car,14.890,535,ty,0.050,100.000,96.822
000049,3,Car,car,14.890,535,ty,0.100,100.000,96.449
000049,4,Pedestrian,vru,32.550,43,yaw,0.000,100.000,86.047
000049,4,Pedestrian,vru,32.550,43,yaw,0.500,100.000,55.814
000049,4,Pedestrian,vru,32.550,43,yaw,1.000,100.000,4.651
000049,4,Pedestrian,vru,32.550,43,yaw,2.000,100.000,0.000
000049,4,Pedestrian,vru,32.550,43,yaw,3.000,100.000,0.000
000049,4,Pedestrian,vru,32.550,43,pitch,0.000,100.000,86.047
000049,4,Pedestrian,vru,32.550,43,pitch,0.500,100.000,72.093
000049,4,Pedestrian,vru,32.550,43,pitch,1.000,100.000,67.442
000049,4,Pedestrian,vru,32.550,43,pitch,2.000,100.000,30.233
000049,4,Pedestrian,vru,32.550,43,pitch,3.000,100.000,0.000
000049,4,Pedestrian,vru,32.550,43,roll,0.000,100.000,86.047
000049,4,Pedestrian,vru,32.550,43,roll,0.500,100.000,86.047
000049,4,Pedestrian,vru,32.550,43,roll,1.000,100.000,83.721
000049,4,Pedestrian,vru,32.550,43,roll,2.000,100.000,83.721
000049,4,Pedestrian,vru,32.550,43,roll,3.000,100.000,72.093
000049,4,Pedestrian,vru,32.550,43,ty,0.000,100.000,86.047
000049,4,Pedestrian,vru,32.550,43,ty,0.020,100.000,83.721
000049,4,Pedestrian,vru,32.550,43,ty,0.050,100.000,83.721
000049,4,Pedestrian,vru,32.550,43,ty,0.100,100.000,81.395
000049,5,Car,car,17.230,373,yaw,0.000,100.000,97.319
000049,5,Car,car,17.230,373,yaw,0.500,100.000,96.783
000049,5,Car,car,17.230,373,yaw,1.000,100.000,95.442
000049,5,Car,car,17.230,373,yaw,2.000,100.000,94.102
000049,5,Car,car,17.230,373,yaw,3.000,100.000,87.668
000049,5,Car,car,17.230,373,pitch,0.000,100.000,97.319
000049,5,Car,car,17.230,373,pitch,0.500,100.000,87.131
000049,5,Car,car,17.230,373,pitch,1.000,100.000,80.161
000049,5,Car,car,17.230,373,pitch,2.000,100.000,58.445
000049,5,Car,car,17.230,373,pitch,3.000,100.000,39.946
000049,5,Car,car,17.230,373,roll,0.000,100.000,97.319
000049,5,Car,car,17.230,373,roll,0.500,100.000,100.000
000049,5,Car,car,17.230,373,roll,1.000,100.000,91.957
000049,5,Car,car,17.230,373,roll,2.000,100.000,87.668
000049,5,Car,car,17.230,373,roll,3.000,100.000,84.182
000049,5,Car,car,17.230,373,ty,0.000,100.000,97.319
000049,5,Car,car,17.230,373,ty,0.020,100.000,97.319
000049,5,Car,car,17.230,373,ty,0.050,100.000,97.051
000049,5,Car,car,17.230,373,ty,0.100,100.000,97.051
000061,0,Car,car,16.630,158,yaw,0.000,100.000,99.367
000061,0,Car,car,16.630,158,yaw,0.500,100.000,100.000
000061,0,Car,car,16.630,158,yaw,1.000,99.367,99.367
000061,0,Car,car,16.630,158,yaw,2.000,84.810,84.810
000061,0,Car,car,16.630,158,yaw,3.000,49.367,49.367
000061,0,Car,car,16.630,158,pitch,0.000,100.000,99.367
000061,0,Car,car,16.630,158,pitch,0.500,100.000,99.367
000061,0,Car,car,16.630,158,pitch,1.000,100.000,87.342
000061,0,Car,car,16.630,158,pitch,2.000,100.000,68.987
000061,0,Car,car,16.630,158,pitch,3.000,100.000,52.532
000061,0,Car,car,16.630,158,roll,0.000,100.000,99.367
000061,0,Car,car,16.630,158,roll,0.500,100.000,100.000
000061,0,Car,car,16.630,158,roll,1.000,100.000,91.772
000061,0,Car,car,16.630,158,roll,2.000,100.000,85.443
000061,0,Car,car,16.630,158,roll,3.000,100.000,69.620
000061,0,Car,car,16.630,158,ty,0.000,100.000,99.367
000061,0,Car,car,16.630,158,ty,0.020,100.000,100.000
000061,0,Car,car,16.630,158,ty,0.050,100.000,100.000
000061,0,Car,car,16.630,158,ty,0.100,100.000,100.000
