group,dist,kind,level,n_obj,n_pts,pct_fov,pct_box
all,all,pitch,0.00,354,15032,99.64,94.84
all,all,pitch,0.50,354,15032,99.63,93.55
all,all,pitch,1.00,354,15032,99.63,92.28
all,all,pitch,2.00,354,15032,99.63,87.44
all,all,pitch,3.00,354,15032,99.63,81.15
all,all,roll,0.00,354,15032,99.64,94.84
all,all,roll,0.50,354,15032,99.65,98.19
all,all,roll,1.00,354,15032,99.66,92.24
all,all,roll,2.00,354,15032,99.66,74.25
all,all,roll,3.00,354,15032,99.67,44.94
all,all,ty,0.00,354,15032,99.64,94.84
all,all,ty,0.02,354,15032,99.66,94.98
all,all,ty,0.05,354,15032,99.66,95.03
all,all,ty,0.10,354,15032,99.69,95.23
all,all,yaw,0.00,354,15032,99.64,94.84
all,all,yaw,0.50,354,15032,99.61,91.21
all,all,yaw,1.00,354,15032,99.53,78.65
all,all,yaw,2.00,354,15032,99.12,54.19
all,all,yaw,3.00,354,15032,98.42,38.61
all,0-15m,pitch,0.00,61,8436,99.33,98.25
all,0-15m,pitch,0.50,61,8436,99.33,97.50
all,0-15m,pitch,1.00,61,8436,99.33,96.65
all,0-15m,pitch,2.00,61,8436,99.34,95.28
all,0-15m,pitch,3.00,61,8436,99.36,91.81
all,0-15m,roll,0.00,61,8436,99.33,98.25
all,0-15m,roll,0.50,61,8436,99.41,97.86
all,0-15m,roll,1.00,61,8436,99.42,94.16
all,0-15m,roll,2.00,61,8436,99.42,85.66
all,0-15m,roll,3.00,61,8436,99.44,75.05
all,0-15m,ty,0.00,61,8436,99.33,98.25
all,0-15m,ty,0.02,61,8436,99.43,98.27
all,0-15m,ty,0.05,61,8436,99.44,98.32
all,0-15m,ty,0.10,61,8436,99.53,98.53
all,0-15m,yaw,0.00,61,8436,99.33,98.25
all,0-15m,yaw,0.50,61,8436,99.44,98.21
all,0-15m,yaw,1.00,61,8436,99.16,94.50
all,0-15m,yaw,2.00,61,8436,97.97,77.48
all,0-15m,yaw,3.00,61,8436,96.62,60.49
all,15-30m,pitch,0.00,236,6006,99.63,95.41
all,15-30m,pitch,0.50,236,6006,99.62,93.97
all,15-30m,pitch,1.00,236,6006,99.62,92.19
all,15-30m,pitch,2.00,236,6006,99.61,86.98
all,15-30m,pitch,3.00,236,6006,99.61,80.72
all,15-30m,roll,0.00,236,6006,99.63,95.41
all,15-30m,roll,0.50,236,6006,99.63,98.05
all,15-30m,roll,1.00,236,6006,99.63,92.93
all,15-30m,roll,2.00,236,6006,99.64,75.96
all,15-30m,roll,3.00,236,6006,99.64,44.78
all,15-30m,ty,0.00,236,6006,99.63,95.41
all,15-30m,ty,0.02,236,6006,99.63,95.61
all,15-30m,ty,0.05,236,6006,99.64,95.67
all,15-30m,ty,0.10,236,6006,99.65,95.96
all,15-30m,yaw,0.00,236,6006,99.63,95.41
all,15-30m,yaw,0.50,236,6006,99.56,91.41
all,15-30m,yaw,1.00,236,6006,99.52,76.04
all,15-30m,yaw,2.00,236,6006,99.20,49.83
all,15-30m,yaw,3.00,236,6006,98.51,36.84
all,30-50m,pitch,0.00,51,553,100.00,89.76
all,30-50m,pitch,0.50,51,553,100.00,88.37
all,30-50m,pitch,1.00,51,553,100.00,88.54
all,30-50m,pitch,2.00,51,553,100.00,80.70
all,30-50m,pitch,3.00,51,553,100.00,70.10
all,30-50m,roll,0.00,51,553,100.00,89.76
all,30-50m,roll,0.50,51,553,100.00,99.02
all,30-50m,roll,1.00,51,553,100.00,90.04
all,30-50m,roll,2.00,51,553,100.00,59.09
all,30-50m,roll,3.00,51,553,100.00,14.70
all,30-50m,ty,0.00,51,553,100.00,89.76
all,30-50m,ty,0.02,51,553,100.00,89.76
all,30-50m,ty,0.05,51,553,100.00,89.76
all,30-50m,ty,0.10,51,553,100.00,89.57
all,30-50m,yaw,0.00,51,553,100.00,89.76
all,30-50m,yaw,0.50,51,553,100.00,83.44
all,30-50m,yaw,1.00,51,553,100.00,72.06
all,30-50m,yaw,2.00,51,553,100.00,47.21
all,30-50m,yaw,3.00,51,553,100.00,24.33
all,50-200m,pitch,0.00,6,37,100.00,80.95
all,50-200m,pitch,0.50,6,37,100.00,80.95
all,50-200m,pitch,1.00,6,37,100.00,83.33
all,50-200m,pitch,2.00,6,37,100.00,83.33
all,50-200m,pitch,3.00,6,37,100.00,83.33
all,50-200m,roll,0.00,6,37,100.00,80.95
all,50-200m,roll,0.50,6,37,100.00,100.00
all,50-200m,roll,1.00,6,37,100.00,64.29
all,50-200m,roll,2.00,6,37,100.00,20.00
all,50-200m,roll,3.00,6,37,100.00,2.38
all,50-200m,ty,0.00,6,37,100.00,80.95
all,50-200m,ty,0.02,6,37,100.00,80.95
all,50-200m,ty,0.05,6,37,100.00,80.95
all,50-200m,ty,0.10,6,37,100.00,80.95
all,50-200m,yaw,0.00,6,37,100.00,80.95
all,50-200m,yaw,0.50,6,37,100.00,78.57
all,50-200m,yaw,1.00,6,37,100.00,76.19
all,50-200m,yaw,2.00,6,37,100.00,48.57
all,50-200m,yaw,3.00,6,37,100.00,7.14
car,all,pitch,0.00,232,13735,99.46,95.73
car,all,pitch,0.50,232,13735,99.46,95.09
car,all,pitch,1.00,232,13735,99.46,95.02
car,all,pitch,2.00,232,13735,99.45,90.99
car,all,pitch,3.00,232,13735,99.46,84.19
car,all,roll,0.00,232,13735,99.46,95.73
car,all,roll,0.50,232,13735,99.47,98.80
car,all,roll,1.00,232,13735,99.47,92.42
car,all,roll,2.00,232,13735,99.48,77.39
car,all,roll,3.00,232,13735,99.49,47.93
car,all,ty,0.00,232,13735,99.46,95.73
car,all,ty,0.02,232,13735,99.48,95.76
car,all,ty,0.05,232,13735,99.48,95.74
car,all,ty,0.10,232,13735,99.52,95.81
car,all,yaw,0.00,232,13735,99.46,95.73
car,all,yaw,0.50,232,13735,99.41,93.61
car,all,yaw,1.00,232,13735,99.35,88.37
car,all,yaw,2.00,232,13735,99.10,73.66
car,all,yaw,3.00,232,13735,98.58,55.82
car,0-15m,pitch,0.00,38,7883,99.05,98.18
car,0-15m,pitch,0.50,38,7883,99.05,97.81
car,0-15m,pitch,1.00,38,7883,99.05,97.61
car,0-15m,pitch,2.00,38,7883,99.06,96.35
car,0-15m,pitch,3.00,38,7883,99.10,93.78
car,0-15m,roll,0.00,38,7883,99.05,98.18
car,0-15m,roll,0.50,38,7883,99.06,97.87
car,0-15m,roll,1.00,38,7883,99.07,94.97
car,0-15m,roll,2.00,38,7883,99.08,89.39
car,0-15m,roll,3.00,38,7883,99.11,82.14
car,0-15m,ty,0.00,38,7883,99.05,98.18
car,0-15m,ty,0.02,38,7883,99.08,98.20
car,0-15m,ty,0.05,38,7883,99.09,98.26
car,0-15m,ty,0.10,38,7883,99.25,98.48
car,0-15m,yaw,0.00,38,7883,99.05,98.18
car,0-15m,yaw,0.50,38,7883,99.11,97.78
car,0-15m,yaw,1.00,38,7883,99.06,96.41
car,0-15m,yaw,2.00,38,7883,98.57,91.14
car,0-15m,yaw,3.00,38,7883,97.97,84.54
car,15-30m,pitch,0.00,141,5293,99.38,97.64
car,15-30m,pitch,0.50,141,5293,99.37,97.38
car,15-30m,pitch,1.00,141,5293,99.37,96.97
car,15-30m,pitch,2.00,141,5293,99.35,92.95
car,15-30m,pitch,3.00,141,5293,99.35,86.33
car,15-30m,roll,0.00,141,5293,99.38,97.64
car,15-30m,roll,0.50,141,5293,99.38,98.62
car,15-30m,roll,1.00,141,5293,99.39,93.40
car,15-30m,roll,2.00,141,5293,99.40,82.02
car,15-30m,roll,3.00,141,5293,99.40,51.30
car,15-30m,ty,0.00,141,5293,99.38,97.64
car,15-30m,ty,0.02,141,5293,99.39,97.70
car,15-30m,ty,0.05,141,5293,99.40,97.65
car,15-30m,ty,0.10,141,5293,99.41,97.77
car,15-30m,yaw,0.00,141,5293,99.38,97.64
car,15-30m,yaw,0.50,141,5293,99.27,95.54
car,15-30m,yaw,1.00,141,5293,99.19,90.52
car,15-30m,yaw,2.00,141,5293,98.90,77.49
car,15-30m,yaw,3.00,141,5293,98.21,59.95
car,30-50m,pitch,0.00,47,522,100.00,89.88
car,30-50m,pitch,0.50,47,522,100.00,87.80
car,30-50m,pitch,1.00,47,522,100.00,88.56
car,30-50m,pitch,2.00,47,522,100.00,81.76
car,30-50m,pitch,3.00,47,522,100.00,70.11
car,30-50m,roll,0.00,47,522,100.00,89.88
car,30-50m,roll,0.50,47,522,100.00,99.93
car,30-50m,roll,1.00,47,522,100.00,91.04
car,30-50m,roll,2.00,47,522,100.00,61.14
car,30-50m,roll,3.00,47,522,100.00,15.95
car,30-50m,ty,0.00,47,522,100.00,89.88
car,30-50m,ty,0.02,47,522,100.00,89.88
car,30-50m,ty,0.05,47,522,100.00,89.88
car,30-50m,ty,0.10,47,522,100.00,89.67
car,30-50m,yaw,0.00,47,522,100.00,89.88
car,30-50m,yaw,0.50,47,522,100.00,86.36
car,30-50m,yaw,1.00,47,522,100.00,76.98
car,30-50m,yaw,2.00,47,522,100.00,51.23
car,30-50m,yaw,3.00,47,522,100.00,26.41
car,50-200m,pitch,0.00,6,37,100.00,80.95
car,50-200m,pitch,0.50,6,37,100.00,80.95
car,50-200m,pitch,1.00,6,37,100.00,83.33
car,50-200m,pitch,2.00,6,37,100.00,83.33
car,50-200m,pitch,3.00,6,37,100.00,83.33
car,50-200m,roll,0.00,6,37,100.00,80.95
car,50-200m,roll,0.50,6,37,100.00,100.00
car,50-200m,roll,1.00,6,37,100.00,64.29
car,50-200m,roll,2.00,6,37,100.00,20.00
car,50-200m,roll,3.00,6,37,100.00,2.38
car,50-200m,ty,0.00,6,37,100.00,80.95
car,50-200m,ty,0.02,6,37,100.00,80.95
car,50-200m,ty,0.05,6,37,100.00,80.95
car,50-200m,ty,0.10,6,37,100.00,80.95
car,50-200m,yaw,0.00,6,37,100.00,80.95
car,50-200m,yaw,0.50,6,37,100.00,78.57
car,50-200m,yaw,1.00,6,37,100.00,76.19
car,50-200m,yaw,2.00,6,37,100.00,48.57
car,50-200m,yaw,3.00,6,37,100.00,7.14
vru,all,pitch,0.00,122,1297,99.96,93.15
vru,all,pitch,0.50,122,1297,99.96,90.63
vru,all,pitch,1.00,122,1297,99.96,87.09
vru,all,pitch,2.00,122,1297,99.96,80.69
vru,all,pitch,3.00,122,1297,99.96,75.37
vru,all,roll,0.00,122,1297,99.96,93.15
vru,all,roll,0.50,122,1297,100.00,97.04
vru,all,roll,1.00,122,1297,100.00,91.90
vru,all,roll,2.00,122,1297,100.00,68.28
vru,all,roll,3.00,122,1297,100.00,39.26
vru,all,ty,0.00,122,1297,99.96,93.15
vru,all,ty,0.02,122,1297,100.00,93.48
vru,all,ty,0.05,122,1297,100.00,93.66
vru,all,ty,0.10,122,1297,100.00,94.12
vru,all,yaw,0.00,122,1297,99.96,93.15
vru,all,yaw,0.50,122,1297,100.00,86.66
vru,all,yaw,1.00,122,1297,99.87,60.17
vru,all,yaw,2.00,122,1297,99.16,17.18
vru,all,yaw,3.00,122,1297,98.12,5.90
vru,0-15m,pitch,0.00,23,553,99.79,98.38
vru,0-15m,pitch,0.50,23,553,99.79,97.00
vru,0-15m,pitch,1.00,23,553,99.79,95.06
vru,0-15m,pitch,2.00,23,553,99.79,93.51
vru,0-15m,pitch,3.00,23,553,99.79,88.56
vru,0-15m,roll,0.00,23,553,99.79,98.38
vru,0-15m,roll,0.50,23,553,100.00,97.84
vru,0-15m,roll,1.00,23,553,100.00,92.82
vru,0-15m,roll,2.00,23,553,100.00,79.50
vru,0-15m,roll,3.00,23,553,100.00,63.33
vru,0-15m,ty,0.00,23,553,99.79,98.38
vru,0-15m,ty,0.02,23,553,100.00,98.38
vru,0-15m,ty,0.05,23,553,100.00,98.41
vru,0-15m,ty,0.10,23,553,100.00,98.60
vru,0-15m,yaw,0.00,23,553,99.79,98.38
vru,0-15m,yaw,0.50,23,553,100.00,98.94
vru,0-15m,yaw,1.00,23,553,99.33,91.35
vru,0-15m,yaw,2.00,23,553,96.99,54.90
vru,0-15m,yaw,3.00,23,553,94.37,20.76
vru,15-30m,pitch,0.00,95,713,100.00,92.09
vru,15-30m,pitch,0.50,95,713,100.00,88.90
vru,15-30m,pitch,1.00,95,713,100.00,85.10
vru,15-30m,pitch,2.00,95,713,100.00,78.11
vru,15-30m,pitch,3.00,95,713,100.00,72.40
vru,15-30m,roll,0.00,95,713,100.00,92.09
vru,15-30m,roll,0.50,95,713,100.00,97.21
vru,15-30m,roll,1.00,95,713,100.00,92.24
vru,15-30m,roll,2.00,95,713,100.00,66.96
vru,15-30m,roll,3.00,95,713,100.00,35.09
vru,15-30m,ty,0.00,95,713,100.00,92.09
vru,15-30m,ty,0.02,95,713,100.00,92.51
vru,15-30m,ty,0.05,95,713,100.00,92.74
vru,15-30m,ty,0.10,95,713,100.00,93.27
vru,15-30m,yaw,0.00,95,713,100.00,92.09
vru,15-30m,yaw,0.50,95,713,100.00,85.27
vru,15-30m,yaw,1.00,95,713,100.00,54.56
vru,15-30m,yaw,2.00,95,713,99.65,8.77
vru,15-30m,yaw,3.00,95,713,98.95,2.55
vru,30-50m,pitch,0.00,4,31,100.00,88.33
vru,30-50m,pitch,0.50,4,31,100.00,95.00
vru,30-50m,pitch,1.00,4,31,100.00,88.33
vru,30-50m,pitch,2.00,4,31,100.00,68.33
vru,30-50m,pitch,3.00,4,31,100.00,70.00
vru,30-50m,roll,0.00,4,31,100.00,88.33
vru,30-50m,roll,0.50,4,31,100.00,88.33
vru,30-50m,roll,1.00,4,31,100.00,78.33
vru,30-50m,roll,2.00,4,31,100.00,35.00
vru,30-50m,roll,3.00,4,31,100.00,0.00
vru,30-50m,ty,0.00,4,31,100.00,88.33
vru,30-50m,ty,0.02,4,31,100.00,88.33
vru,30-50m,ty,0.05,4,31,100.00,88.33
vru,30-50m,ty,0.10,4,31,100.00,88.33
vru,30-50m,yaw,0.00,4,31,100.00,88.33
vru,30-50m,yaw,0.50,4,31,100.00,49.17
vru,30-50m,yaw,1.00,4,31,100.00,14.17
vru,30-50m,yaw,2.00,4,31,100.00,0.00
vru,30-50m,yaw,3.00,4,31,100.00,0.00
